"Feature","Importance_Score"
"PZB00859.1",0.142397369413027
"PZA01271.1",0.158292270265747
"PZA03613.2",0.140231310660002
"PZA03613.1",0.105665097257911
"PZA03614.2",0.119627359455937
"PZA03614.1",0.127802637244008
"PZA00258.3",0.156202365423834
"PZA02962.13",0.180229542721689
"PZA02962.14",0.104911971625154
"PZA00599.25",0.131746015238304
"PZA02129.1",0.259626726578433
"PZA00393.1",0.145888881060277
"PZA02869.8",0.153063349211649
"PZA02869.4",0.173332212682512
"PZA02869.2",0.163704379257697
"PZA02032.1",0.138051627488069
"zagl1.5",1.78971957872972e-08
"zagl1.2",0.1418594754261
"zagl1.6",0.183530410901478
"PZD00081.2",0.186510961550935
"zagl1.1",2.45664048716429e-06
"PZB00919.1",0.150611854048842
"PZB00919.2",0.155848173564785
"PHM2244.142",0.119210350660048
"PZA03093.10",0.165031028770078
"PZA00181.5",0.137573276615257
"PZA00181.2",0.137981981008757
"PZA00528.1",0.239123510668759
"PZA00175.2",0.211174297616898
"PZA00447.6",0.126883408619843
"PZA00447.8",0.152547096294122
"PZB01915.1",0.12495486530723
"PZA03128.1",0.151778922605485
"PZA03128.3",0.216768287715413
"PZA02284.1",0.146581388969859
"PZA00731.6",0.123767487157552
"PZA00731.7",0.212851907446925
"PZA03518.1",0.194867923530812
"PZA03519.2",0.209812327230618
"PZA03519.1",0.144390844798445
"PZA03520.1",0.177834901719087
"PZA03520.2",0.131522978296849
"PZA03520.3",0.11017405617644
"PZA03520.4",0.116275234284868
"PZA03521.1",0.126632165598847
"PZA00106.9",0.121470982243778
"PZA00106.10",0.117740940846606
"PZA03551.1",0.110934095390709
"PZA03551.2",0.149757641825818
"PZA03552.1",0.144342069187082
"PZA03552.2",0.281588153728656
"PZA03557.1",0.126762161876261
"PZA03558.3",0.168059564056692
"PZA03663.1",0.130408039585667
"PZA03663.2",0.146599764167225
"PZA03662.2",0.287128404081915
"PZA01497.1",0.182704999736468
"PZA01652.1",0.293318902155032
"PZA02393.2",0.129887532579044
"PZB00648.4",0.118841007365361
"PZB00648.5",0.153136236037052
"PZB00648.3",0.170915681212529
"PZB00718.1",0.130980072652454
"PZB00718.2",0.146584683770343
"PZB00718.6",0.247770610706162
"PZB00718.3",0.20780420125536
"PZB00718.5",0.198248905035704
"PZA01030.1",0.116336239852245
"PZD00035.4",9.58016126746572e-33
"PZA00358.12",0.270269960048299
"PZA00425.9",0.177310150993318
"PZA00425.11",0.132445572562989
"PZA00425.4",0.155626126725342
"PHM13619.5",0.119355312329041
"PZA02487.1",0.128011460175264
"PHM4531.46",0.120254813389228
"PZD00096.1",0.127519824890116
"PZD00097.2",0.140633355094239
"PZD00097.1",0.124231558600129
"PZD00098.2",0.118644290697346
"PZD00098.1",0.154588283785481
"PZA02921.4",0.177091507175904
"PZA02921.9",0.133626651684202
"PZB01957.2",0.162349156679741
"PZB01957.3",0.177157108608669
"PZB01957.1",0.112814290090967
"PZA03004.10",0.135220087005214
"PZA03004.2",0.167347527065793
"PZB02515.2",0.241341979484457
"PZB02515.3",0.183881864301916
"PZB02515.1",0.157688251369854
"PZB02058.2",0.206784193092936
"PZB02058.3",0.184822680979832
"PZA00654.12",0.152578464608597
"PZA00654.10",0.196355168522498
"PZA02490.1",0.135575257597617
"PZA02806.4",0.151690652022961
"PZA01455.1",0.123843223130325
"PZB01662.3",1.14104844844576e-08
"PZB01662.2",0.150126389471954
"PZB01662.1",0.123810458641416
"PZA02686.1",0.119114622464317
"PZA00017.1",0.129205121412213
"PZA00017.4",0.215932921433358
"PZA00192.7",0.237919901401357
"PZA00192.6",0.280195802169126
"PZA03345.2",0.186241685328322
"PZA03345.1",0.150446861313471
"PZA03345.3",0.152840212934096
"PZA03345.5",0.18129939797536
"PZA02271.1",0.134226206394048
"PZB01440.2",4.12882147325482e-15
"PZA00240.6",0.129164338243696
"PZA00240.4",0.197304553809921
"PHM3726.129",0.175429283175521
"PZA00274.7",0.356740326761101
"PZA00274.14",0.158184338483453
"PZA02376.1",0.209291241229617
"PZA03243.7",0.208402561013409
"PZA03243.3",0.114059800454581
"PZA03243.6",0.138384610640752
"PZA03243.4",0.170465485862939
"PZA03243.2",0.119755481067365
"PZA03742.2",0.114282709960204
"PZA03742.1",0.137788191297075
"PZB00033.1",0.157821389782159
"PZB02517.1",0.137270082158861
"PZA00081.17",0.281800314780671
"PZA00081.18",0.187025324233334
"PZA03183.3",0.21334692563444
"PZA03183.4",0.157287432864415
"PZA03183.2",0.153233063100166
"PZA03183.5",0.130250055652175
"PZB00872.1",0.194060170495931
"PZB00872.3",0.123125159132968
"PZD00010.3",0.103942482215024
"ts2.3",0.123257559484761
"ts2.4",0.163410744112323
"PZA03100.4",0.28633048210072
"PZA03673.2",0.128231679872001
"PZA03673.1",0.186940954618871
"PZA03672.1",0.147313805425291
"PZB02095.3",0.133947857869222
"PZB02095.2",0.18491570205504
"PHM4913.18",0.190838718086321
"PZA00468.7",0.241128295445065
"PZA03168.1",0.236707047823707
"PZA03168.5",0.289854874327099
"PZA03168.2",0.12858352849683
"PZA00617.16",0.149322117792224
"PZA00617.5",0.151908928329715
"PZA03746.2",2.11610672206756e-08
"PZA03746.5",0.283461347217905
"PZA03746.1",0.156394068739528
"PZA03746.4",0.166500518399738
"PZA02737.1",0.147094907400931
"PZA02550.1",0.211486140041196
"PZA02114.1",0.11789097579069
"PZB01062.2",0.129960216428645
"PZB01062.3",0.122067185998542
"PZB01062.1",0.161514651972629
"PZB01273.3",1.6379162876062e-06
"PZB01273.2",0.160076356799069
"PZB01273.1",2.72657330900256e-33
"PZB01273.4",1.70962867442496e-10
"PZA00328.1",0.16322586531036
"PZA03561.1",0.161470524985951
"PZA03561.4",0.128174670302618
"PZA03561.2",0.186359405932231
"PZA00378.9",0.156083941882692
"PZA00294.20",0.18189126920139
"PZA00294.22",0.170833382467418
"PZA00294.4",0.206817281409413
"PZA03189.2",0.134827628498179
"PZA03189.3",0.214583525394496
"PZA03189.4",0.109872690162959
"PZA03189.1",0.143042324251838
"PZA00263.13",0.125044459656743
"PHM5098.25",0.116721810674721
"PZA02791.3",0.145050538943867
"PZA02791.6",0.132165052596646
"PZA00714.1",0.180844611662709
"PZA00714.6",0.225575960628585
"PZA01267.3",0.131582137387881
"PZA00752.1",0.123003099855122
"PZA01135.1",0.115331273465712
"PZA00119.4",0.143123876723342
"PZA00119.1",0.170473523166588
"PZA00593.1",1.29232058576511e-16
"PZA00593.2",0.150753762611078
"PZB01235.1",0.133121487516723
"PZB01235.2",0.124364058083958
"PZB01235.3",0.222277748390072
"PZB01235.4",0.309767988586159
"PZA00692.4",6.69029424284632e-13
"PZA03240.1",0.202467012121436
"PZA03240.2",0.138116935485118
"PZA03240.4",0.157878033221009
"PZA03240.5",0.112724834723695
"PZA03465.1",0.113932327358283
"PZA03407.2",0.131208740405989
"PZA03407.5",0.182665570382842
"PZA03407.3",0.16913193038951
"PZA03407.4",0.114571920890469
"PZA00944.1",0.130527041580834
"PZA00944.2",0.324032196699479
"PZA00705.1",1.0277158135752e-05
"PZA00705.5",4.85876914554736e-07
"PHM9418.11",0.160452557779474
"PZA02763.1",0.347094010956038
"PZA03014.21",0.154453084821014
"PZA03014.10",3.57422230803505e-22
"PZA03014.9",0.194835427232825
"PZA00301.3",2.9705793944062e-14
"PZA00939.1",0.170893170570187
"PZA01254.2",0.157970274283059
"PZA02070.1",0.103651186395873
"PZA00205.7",0.220038649799301
"PZA00010.5",0.195219347947904
"PZA03086.6",0.232236812745818
"PZB01067.2",0.167908792712927
"PZB01067.1",0.210019363290805
"PZA03394.1",0.140546899427297
"PZA02577.1",0.137287524047805
"PZA03200.2",0.215100969833307
"PZA03200.3",0.18641040873487
"PZA03200.1",0.159669109278222
"PZA03028.5",0.123980798410349
"PZA02741.1",0.348991935111589
"PZA00098.14",0.149556630127184
"PZA00098.12",4.19639939574842e-14
"PZA00660.20",0.207639088538498
"PZA02963.4",0.174878940437129
"PZA02963.5",0.147904540040454
"PZB00963.3",0.136576058000271
"PZB00963.2",0.120311820608086
"PZB00963.1",0.132527131221094
"PZB00801.1",0.109763138523101
"PZA03581.1",0.17934087988568
"PZA03581.2",0.253699153071059
"PZA03580.2",0.220244509378542
"PZA03580.4",0.191453056489444
"PZA03580.5",0.10443495799709
"an1.5",0.165114621466034
"PZA03540.1",0.219701214364865
"PZA00455.4",0.244288099170105
"PZA00484.5",0.118601668269105
"PZA00484.6",0.323938000356728
"PZA02191.1",0.126037171903644
"PZA03112.1",0.117734600538278
"PHM1968.22",0.205604801693852
"PZA00068.1",0.137827050492242
"PZA03531.1",0.189975206039945
"PZB00149.1",0.188979289744993
"PZB00149.2",0.15722530789672
"PZA00544.14",1.24336624236107e-07
"PZB00454.2",0.142039507191652
"PZB00454.6",0.174822584469551
"PZA00650.8",0.28436253922481
"PZD00053.5",0.203675848124376
"PZD00053.4",0.311638240537059
"PZA00619.3",0.113174573984768
"PZA03427.1",0.136406195108224
"PZA03427.2",0.163008907909133
"PZA02467.10",0.211381624621758
"PZA00435.4",0.205852216544601
"PZA00435.5",0.180226304483255
"PZA03074.24",0.150720851225315
"PZA03074.27",0.121530718064486
"PZA03685.1",0.174409434609246
"PZA03686.1",0.16487635233377
"PZA03686.2",1.06673347585146e-10
"PZB00400.1",0.16203712075346
"PZB00393.2",0.179350528798191
"PZB01156.3",0.123790992698051
"PZB01077.7",0.20953651632029
"PZB01077.1",0.181340586847024
"PZB01077.3",0.149306101801644
"PZB01077.2",0.138319864559461
"PZA01216.1",0.265911886384477
"PZA00131.14",0.12440647936239
"PZA00131.15",0.202981097504762
"PZB00991.1",0.148690325303646
"PZA01391.1",0.148650694852452
"PHM5480.17",0.128437023765826
"PZB00728.1",0.115260214207864
"PZB00728.2",0.127635870411798
"PZA03218.1",0.154102798998315
"PZA03218.2",0.116919026171831
"PZA01019.1",0.129494015652356
"PZA03194.2",0.272018184833691
"PZA03194.1",0.146629948877785
"PZA03193.3",0.147314181278792
"PZA03193.1",0.135981203549619
"PZA03193.2",0.136501281534736
"PZA02014.3",0.165618687719504
"PZA03276.2",0.171771639187735
"PZA03276.4",0.155977526183624
"PZA03276.3",0.145604830238252
"PZA03276.1",0.145845365235194
"PZA03265.3",0.193319448581893
"PZA03265.4",0.109328614579693
"PZA03265.2",0.150261667688915
"PZA00289.11",0.149945711290366
"PHM6043.19",0.174968543442922
"PZB02171.1",0.238272673226759
"PZB02171.2",7.60062329362976e-19
"PZA03545.1",0.137453293355651
"PZA03741.1",0.22430588355067
"PZA00369.11",0.151086327445918
"PZA00369.1",0.169010482609616
"PZA03632.3",0.214851329566955
"PZA03632.1",0.165826335360737
"PZA03632.2",0.202865860958238
"PZA03631.1",0.331775620660689
"PZA03631.2",0.121828268488655
"PZA03630.1",0.119932646617702
"PZA03630.2",0.109758809651704
"PZA03443.1",0.175442939841182
"PHM15871.11",0.295150026101389
"PZA02117.1",0.263132878268032
"PZA00403.5",0.239360403552056
"PZB01979.2",0.154790623461733
"PZB01979.3",0.12706797206717
"PZA00658.21",0.21104475038686
"PZA00658.19",0.125751029596678
"PHM2478.22",0.182135255016322
"PZA00664.3",0.162304164074665
"umc128.2",0.144107916366672
"PZA03001.18",0.129474360348003
"PZA03001.15",0.307550791470411
"PZA03001.9",0.337740855076387
"PZB01647.2",0.17331556296194
"PZB01647.1",0.295582682330924
"PZB00116.3",3.55305514911712e-33
"PZB00011.1",0.135880084895169
"PZB00116.1",0.165124120506111
"PZB00011.6",0.153178806840292
"PZB00116.2",0.138565652259932
"PZA00381.3",0.147419046039662
"id1.9",0.150740697299113
"id1.8",2.06405309695134e-08
"id1.6",0.124876260825208
"id1.3",0.130340632969754
"id1.2",0.153797566335114
"PZB02144.4",0.186370149161098
"PZB02144.5",0.155014512253746
"an1.4",0.174034343561034
"PZB00148.3",0.125766572299145
"PZB00425.1",0.157471705850057
"PZB00237.2",0.154289158300927
"PZB00237.1",0.132582247212435
"PZA03301.2",0.209197962898474
"PZA03301.5",0.165806415381036
"PZA03301.3",0.149316543254069
"PZA03666.3",0.29331725243305
"PZA03665.2",0.157370423245006
"PZA03664.1",0.159376196388516
"PZA03214.3",0.137405400216801
"PZA03214.2",0.126068967334539
"PZA03214.1",0.125301196442456
"PZA00137.2",0.22493657506617
"PZA03064.6",0.142147052703235
"PZA03404.1",0.239231162541649
"PHM16605.19",0.302004704356698
"PZA00411.1",0.180171502294489
"PZA02269.4",0.208513335210657
"PZA02269.3",0.206371951138432
"PZA00318.2",0.129188301183608
"PZA00318.5",0.140872379434943
"PZA03387.1",0.26417433683848
"PHM14475.7",0.267496504175397
"PZA03434.1",1.18951201260975e-05
"PZA01588.1",0.186394246634495
"PZA00339.3",0.183585493565392
"PZA00094.2",0.209623670372908
"PZB02476.1",0.176070199748279
"PZB02476.2",0.143650009992981
"PZA01921.19",0.131295021735318
"PZA00709.19",0.151953839653443
"PZA02985.5",0.236348198305298
"PZA03457.1",0.215161289024796
"PZA00013.8",0.131354258873296
"PZA00013.9",0.188722648740956
"PZA03392.2",0.239118761691491
"PZA03392.1",0.170061207392546
"PZA00356.8",0.144165553989372
"tb1.1",5.18133258234325e-17
"tb1.3",2.38006224141482e-18
"tb1.20",0.124682948669805
"tb1.19",0.135007935485252
"tb1.18",0.1719537775334
"tb1.17",0.386967285543343
"tb1.15",0.142697989008789
"tb1.14",0.139615440184751
"tb1.13",0.159598315908799
"tb1.12",0.1217975503379
"tb1.11",0.177265558051444
"tb1.8",0.141433558648409
"tb1.5",0.151193088310708
"PZD00083.4",0.18543189218463
"PZD00083.3",0.127691709573612
"PZD00083.2",0.153973441522128
"d8.1",0.164013232467053
"d8.2",0.175066128500507
"d8.3",0.111542783957314
"PZB00226.1",0.228720313031902
"PZB01725.2",0.132964534944969
"PZB01725.1",0.170384086706792
"PZB01728.5",0.172064871731807
"PZB01728.6",0.186141254039226
"PZB01728.7",0.146069295081892
"PZA02812.43",0.240037739376871
"PZA02812.34",0.246788772266644
"PZA00364.2",0.147240398315957
"PZA00364.5",0.233915675321162
"PZB00083.1",0.12646192039888
"PZB00083.3",0.13004208600582
"PZB00895.4",0.152629488654247
"PZB00895.3",0.153892530310239
"PZB00895.1",0.132218160825037
"PZB00895.2",0.159307615532696
"PZB00008.1",0.137124072266278
"PZB00063.1",1.93567558376208e-17
"PZB00063.6",0.161562595761617
"PZB00063.2",0.123156348317373
"PZB00176.5",0.14035515796903
"PZB00063.3",0.168021871211688
"PZB00063.4",0.13618223029462
"PZB00063.5",0.161216125959001
"PZA02278.1",0.137927371234315
"PZB01427.4",0.130703440128623
"PZB01427.5",0.15897472938746
"PZA02698.3",0.144000096898499
"PZA00698.4",0.156556821861041
"PZA02520.1",0.133715577557392
"PZB00068.1",0.179611783487429
"PZB00184.2",2.2252210675163e-16
"PZB00184.1",3.90177532042399e-16
"PZB00018.4",0.157047757686674
"PZB00018.3",0.16868984363736
"PZB00178.2",0.178445989684193
"PZD00039.4",0.133747577409902
"PZD00039.2",0.216136959160231
"PZD00039.3",0.123067714205145
"PZA01978.23",0.153442484725
"PZA02204.1",0.163017407684371
"PZA00610.15",0.132504852269216
"PZA00610.9",0.173666370576134
"PZA03188.2",0.1909123405107
"PZA03188.1",0.123636646595206
"PZA03188.3",0.218025112990918
"PZA03188.4",0.135476446104404
"PZA02957.4",0.195211388894994
"PZA03020.8",0.252504795104723
"PZA00245.16",0.146716055801891
"PZA00245.14",0.173511819079215
"PHM18705.23",0.186205193128451
"PZB01403.2",0.169351232701959
"PZB01403.5",0.131578542995401
"PZB01403.1",0.120789111724443
"PZB01403.3",0.113382149300882
"PZB01403.4",0.16922934910804
"PZB01400.1",0.130326342108759
"PZB01400.5",0.178468972117053
"PZB01400.3",0.143334540468485
"PZB01400.4",0.122215454649004
"PZB01400.2",0.12793207835255
"PZB01394.1",0.164426222768047
"PZB01394.4",0.177242345853917
"PZB01394.2",0.109362294877128
"PZA00894.7",0.128895872515716
"PZA03037.8",0.152761052846658
"PZA03037.3",0.112232036487324
"PZA03037.2",0.107531330321982
"PZB00119.1",0.216437829030339
"PZB00119.3",0.175583349196606
"PZB02440.1",0.202685821011203
"PZB02513.3",0.148209490568174
"PZB02513.1",0.104668615043348
"PZB02513.4",0.165289299588011
"PZA03305.3",0.20462556110008
"PZA03305.1",0.165995640585674
"PZA03305.4",0.141667340896886
"PZA03305.7",0.142648483185435
"PZA03305.5",0.123460558909061
"PZA03305.2",0.11498896357128
"PZA03076.10",0.214740342915493
"PZA03111.2",0.318049529978739
"PZA02837.5",0.151490731493509
"PZA02837.6",0.146504573027202
"PZB01226.1",0.13632491868658
"PZB01227.3",0.112619069426849
"PZB01227.1",0.116556922633062
"PZA03556.2",0.118191313834934
"PZA03556.3",0.141092507753852
"PZA00520.4",0.153374342422783
"PZA02044.1",0.142358266142957
"PZB02502.3",2.43394305896007e-11
"PZB02502.5",0.182061519870107
"PZB02502.2",0.134793402142405
"PZB02502.1",0.155629623684753
"PZA00385.1",0.200411891682347
"PZA00385.3",0.198966448670812
"PZD00069.3",0.167255535091685
"PZD00069.5",0.202011992292771
"PZD00069.4",0.197716034035852
"PZA00307.12",0.151643901116958
"PZA00307.14",0.190827381622512
"PZA00276.18",0.166285866076952
"PZA00991.2",0.167381929761444
"PZA00235.6",0.138188364476939
"PZA00235.8",0.178402130779572
"PZA00623.3",0.135696147395734
"PZA00623.2",0.174363700558012
"PZA00623.1",0.173764491290458
"PZA02359.10",0.169756829003604
"PHM9807.9",0.142909096049642
"PZA01238.2",0.195417179187012
"PZA01068.1",0.129876032525109
"PZA00343.26",1.80486578547022e-32
"PZA00343.31",0.163781745679489
"PZA00343.11",0.138651865545284
"PZA00703.1",0.197081182969855
"PZA03018.9",0.195567075442758
"PHM1275.22",0.192792324513814
"PZA03018.16",0.122644567494381
"PZA00243.24",0.21444912884754
"PZA00243.1",0.289481981907105
"PZA00243.25",0.153880927635038
"PZA00856.2",0.11352960529446
"PZA01807.1",0.135360384436253
"PZA00432.4",0.146369617025406
"PZA00477.5",0.208908358505863
"PHM7616.35",0.126766174163112
"PZB01937.1",0.141159820083913
"PZA00230.5",0.161517658767846
"PZB01937.2",0.194895186660645
"PZB01937.3",0.139553957477683
"PZA00506.2",0.171373874158907
"PZA03310.3",6.41364003278438e-06
"PZA03310.2",0.250442367706935
"PZA00680.1",0.121117754470239
"PZA00680.3",0.17787457603391
"PZA00732.5",0.180145947203315
"PZA00732.2",0.167908473008366
"PHM5817.15",0.198955009562404
"PZA00365.3",0.604825508288757
"PZA00365.2",0.277499417098487
"PZB02366.2",0.143867488558378
"PZA02133.10",0.204982334306002
"PHM1511.14",0.177606629215479
"PZB02366.1",0.155989592636953
"PZB02366.3",0.143773507726467
"PZA00525.16",0.213032589903591
"PZA00525.2",0.169160026814669
"PZA00525.17",0.184685218883655
"PZA02175.1",0.217028034362761
"PZA02681.8",0.28174722523402
"PZB02145.4",0.195945835124655
"PZB02145.2",0.218202912515246
"PZB02145.1",0.161563567710912
"PZB01233.6",0.135402133809837
"PZA00172.11",0.157194679449191
"PZA00172.12",0.149862993421108
"PZA00613.21",0.243529818960451
"PZA00613.20",0.149558294836552
"PZA00613.22",0.160724486449029
"PZA00396.9",0.132298600528311
"PZA00396.10",0.161483344576968
"PZB02518.1",0.108369545555081
"PZA00200.8",0.13253160999665
"PZA00200.9",0.151031594224986
"PZA02081.1",0.220945527670525
"PZA00237.6",0.183695448107851
"PZA00237.2",0.142003539330309
"PZA00628.7",0.161373883045234
"PZA01935.10",0.152100086783414
"PZA03747.7",0.278422504475044
"PZA03747.4",0.127470634998153
"PZA03747.2",0.498253062136546
"PZA03747.1",0.256346553012977
"PZA03747.5",6.86572340648075e-09
"PZA03748.2",0.140610657228361
"PZA03748.3",0.771938334452366
"PZA03748.4",0.276922305631283
"PZA03748.1",0.36488314790646
"PZA03701.1",0.142307114015123
"PZA03700.3",0.197749630173397
"PZA03700.2",0.130090766649873
"PZA03699.1",0.185993269942364
"PZB00108.2",0.138101476775148
"PZB00108.4",0.171308124770662
"PZB00517.4",0.122922278522419
"PZB00517.2",0.101759804596553
"PZB00901.7",0.119750171973036
"PZB00901.4",0.121479209930849
"PZB00089.3",0.120130553773107
"PZB00901.6",0.141207184585346
"PZB00089.2",0.16204419134418
"PZB00901.3",0.253790182073688
"PZB00901.5",0.201737557268485
"PZA02272.3",0.155202762234936
"PZA00620.3",0.124239516177448
"PZA00620.2",0.132377358821343
"PZA00176.8",0.136496878045772
"PZA03336.3",0.138268139561803
"PZA00259.1",0.176179654470764
"PZA00008.1",0.195665475823761
"PZB00219.1",0.149187001501272
"PZB00219.3",5.29176159012843e-33
"PZB00219.2",0.243193489879106
"zfl2.3",0.155859584606248
"zfl2.9",0.131955414469556
"PZA03136.4",0.14656939212934
"PZA03210.1",0.148476841725103
"PZA00108.12",0.204915133186035
"PZA00108.4",0.226340676785535
"PZA01753.1",0.133418814757355
"PZA03559.2",0.138297071469186
"PZA03559.1",0.124286328445357
"PZA00459.5",0.225717231549004
"PZA02814.2",0.152640532426905
"PZA03442.1",0.161080570874884
"PZA00497.4",0.125510753672287
"PZA00497.1",0.212392860301426
"PZA03228.2",0.13294976031167
"PZA03228.3",0.138753116653308
"PZA03228.4",0.15429293401622
"PZB00793.1",0.196559567660643
"PZB00793.2",0.14234990382679
"PZB02020.3",0.210821574046002
"PZB02020.2",9.10957774259772e-15
"PZB02017.1",0.128572612730075
"PZB02017.2",0.167786710880538
"PZB02017.5",2.59375855797209e-05
"PZB02017.4",0.115648484173998
"PZB02017.3",0.119824345347858
"PZA00349.3",0.130684178278994
"PZA03635.1",0.120318088788006
"PZA03634.2",0.129020868852217
"PZA03634.1",0.16038981183384
"PZA03633.1",0.118436981776649
"PZA00590.1",0.133455680100228
"PZA01879.1",0.181549708527566
"PZA00471.2",0.160096933872929
"PZA00471.1",0.149470361120646
"PZA03350.1",0.108106148473081
"PZB02167.2",0.165921971899787
"PZB02167.1",0.169859741371987
"PZB02194.1",0.260320454156392
"PZA00102.8",0.197837608687865
"PZA00102.6",0.166857983487412
"PZA01755.1",0.345921655764249
"PZA03642.1",0.246515077244641
"abph1.20",0.141560118958063
"abph1.19",0.140756046854943
"PZB02035.2",0.153894637795701
"PZB02035.3",0.173128629563652
"PZB02035.4",0.200636000479545
"PZB02035.1",0.197909178088718
"abph1.22",1.3005827971262e-11
"abph1.15",0.19642241333479
"abph1.10",0.14702950085205
"abph1.9",0.142275469802439
"abph1.5",0.157191188607952
"abph1.3",0.304774093119264
"abph1.1",0.159146610544282
"PZA03568.1",0.157304610529052
"PZA03568.2",0.131775497887819
"PZA03568.3",0.146189565289797
"PZA03567.1",0.159256952286514
"PZA01374.1",0.111086626748918
"PZA03121.2",0.15708531215521
"PZA01336.1",0.116944956001004
"PZA03319.1",0.186975282078784
"PZB02523.1",0.122016453199363
"PZA00061.1",0.141582111141947
"PZA02378.7",0.151377236506627
"PZB00257.1",0.289762761173911
"PZA02793.33",0.162944107845196
"PZA03328.6",0.118968820811268
"PZA03328.4",0.138258973295575
"PZA03328.2",0.123988682817037
"PZA03328.7",0.134251982880853
"PZA03328.3",0.213154568979585
"PZA00730.2",0.112067328792623
"PZB01230.2",0.254152616126539
"PZB01230.1",0.185937201728278
"PZB01230.5",0.157953803208678
"PZB01231.4",0.153197535940519
"PZB01231.1",0.187722455353778
"PZB01231.2",0.144287856688931
"PZB01231.3",0.12691872137363
"PHM10404.8",0.169509675027769
"PZA03233.3",2.0969739361858e-06
"PZA03233.1",0.166678107462807
"PZB01047.1",0.235486649956885
"PZA00226.6",0.175380043547328
"PZA00226.7",0.156217792864788
"PZB00017.1",0.165361780805948
"PZB00183.1",0.143937232860895
"PZB00165.4",0.187360912236387
"PZB00183.2",0.133278612784102
"PZB00165.2",0.147012473432946
"PZA02808.16",0.173865167203636
"PZA02808.14",0.1409800261835
"PZA02808.12",0.155576877126165
"PZB01370.1",0.280953547999284
"PZB01370.2",0.207868242507134
"PZA02450.1",0.146982185991766
"PZA02774.1",0.275981448366274
"PZA02168.1",0.211149286560628
"PZA03629.1",0.128594478144565
"PZA03629.2",0.217670535722332
"PZA03628.1",4.66923141444332e-07
"PZA03627.1",0.146713548805795
"PZA03627.3",0.169664061139138
"PZB02209.1",0.126054541001386
"PZB02209.2",0.188020736360512
"PZB02209.3",0.14168109717037
"PZA00394.15",0.140757965693884
"PZA00394.11",0.174297734920208
"PZA03756.1",0.214595137120714
"PZA03756.2",0.182058333053437
"PZB01325.1",0.241034242076247
"PZA00635.7",0.196555084633819
"PZA00635.4",0.126078792221088
"PZA00635.1",0.136785637666824
"PHM10321.11",0.127858253791958
"PHM3457.6",0.151394129087692
"PZA02881.9",0.144473534836612
"PZA00280.14",0.21199893611066
"PZA00442.4",0.157764255392653
"PZA00442.3",0.146143595167459
"PZA03410.1",0.109967704044013
"PZA00170.1",0.21300390120744
"PZA03358.4",0.181958497494458
"PZA03358.2",0.123965389413518
"PZA03358.1",0.213960069159573
"PZA03358.3",0.174821925283489
"PZA02946.8",0.126061566909532
"PZA01902.1",0.126587454349237
"PZA02549.3",0.135140510163093
"PZB00607.1",0.14681261686708
"PZA00291.7",0.215086996039804
"PZB02521.1",0.222862854743625
"PZA00485.2",0.1790366598574
"PHM3626.3",0.13669765662977
"PZA02966.10",0.133122820227222
"PZA02966.11",0.290970978948927
"PZA03278.1",0.184262250891446
"PZA03278.2",0.22106266194876
"PZA02831.2",0.269491000261665
"PZA02831.5",0.147453593713039
"PZA02831.6",0.186979305931298
"PZB01969.3",0.14324674247823
"PZB01969.1",0.146109490970078
"PZB01969.4",0.140320526733765
"PZB01969.2",0.142312371606466
"PZB01487.1",0.135069448561976
"PZB01487.2",0.123329207153549
"PZB02511.1",0.116947837427766
"PZA00140.7",0.126624626417823
"PZA00140.6",0.125681371465156
"PZA00277.13",0.173315178202006
"PZA00277.9",0.169242006785803
"PZA02626.1",0.109865713791897
"PZA00029.12",0.127247455803664
"PZA00029.11",0.166188960024953
"PZB01285.2",0.171011189645743
"PZB01285.1",0.148569121552905
"PZA03211.5",0.40612163837807
"PZA03211.3",0.1236048752459
"PZA01280.2",0.176639950616446
"PZA01537.2",0.267577638881844
"PZA02939.6",0.245708483275713
"PZA02939.5",0.116853066599737
"PZA00133.1",0.138874960015457
"PZA00133.3",0.110689637884132
"PZA03539.1",0.142771143118226
"PZA03390.1",0.144059190064612
"PZA03083.7",0.131374149734328
"PZB02119.1",0.126767049954331
"PZB02235.2",0.0939165431649018
"PZB02235.5",0.2071699396916
"PZB02235.3",0.198943982284819
"PZB02235.4",2.75341883370192e-07
"PZA00367.2",0.145944930171417
"PZA00367.6",0.290630360167177
"PZA00478.7",0.183655519050593
"PZA01321.1",0.20157083224139
"PZA03692.1",0.105797303303003
"PZA03688.3",0.194859282921674
"PZA03688.2",5.63794097824659e-09
"PZA03690.1",0.119380809331828
"PZA03690.2",0.180379802286935
"PZA02841.3",0.141928180457097
"PZA02841.5",0.148388558124772
"PZA03418.1",0.116833097103763
"PZA03418.2",0.0983608444052347
"PZA01638.1",0.158077246337888
"PZA00515.10",0.127856169589543
"PZA00637.4",0.109211795427526
"PZA03708.1",0.197881593819471
"PZA03708.3",0.139926624175361
"PZA03707.2",0.152134472784531
"PZA03707.1",0.186504767588328
"PZA00495.5",0.136446538801784
"PZA00495.3",0.147797028533482
"PZA00495.4",0.130875043275937
"PZA03644.4",0.179723699328359
"PZA03644.2",0.141013599961112
"PZA03644.3",0.105751794375005
"PZA03644.1",0.144627250528195
"PZA03659.2",0.159754232513553
"PZA03659.1",0.164798566565754
"PZA03659.4",0.142097665324898
"PZA03660.1",0.235963174734743
"PZA03661.3",0.191959152201086
"PZA03661.1",0.198379143169157
"PZA03661.2",2.60388319313207e-33
"PZA00224.4",0.248136935097953
"PZA00224.3",0.165011310261811
"PZA03286.1",0.175390950166195
"PZA03184.1",0.240874769283825
"PZA03184.2",0.182746314848398
"PZA03184.3",0.172703161828289
"PZA00729.18",0.177008655435862
"PZA00729.9",0.129738861744383
"PZA03528.3",0.220168711133201
"PZA03528.1",0.165414449147527
"PZA03528.2",0.13884729212294
"PZA03529.3",0.105763664223443
"PZA03529.6",0.143498083070462
"PZA03529.1",0.151593941236553
"PZA03529.4",0.14753128795293
"PZA00611.1",0.168489235767787
"PZA02890.5",0.179384501630839
"PZA02890.4",0.143881987477105
"PZA02890.3",0.164648289021114
"PZA00533.4",0.168841132475569
"PZA00533.3",0.234289533809525
"PZD00042.2",0.169316201771712
"PZA00479.9",0.148110410069597
"PHM3055.9",0.15146125987375
"PZA03384.2",0.0772482919264523
"PZA03384.1",0.164834249067221
"PZA03144.1",0.111081260813019
"PZA00824.2",0.131175790280884
"PZA03640.1",0.156988590149543
"PZA03641.1",0.208719058398333
"PHM3668.12",0.176637013248298
"PZA02017.1",0.145198451973914
"PHM7953.11",0.116060580573936
"PZA00803.3",0.220064881349618
"PZA00340.1",0.177624452328455
"PZA02731.1",0.133999326427695
"PZB01267.1",0.174193265125766
"PZB01267.2",0.156890669247049
"PZB02013.1",0.167159558938537
"PZB02013.2",0.160718232864953
"PZB02013.3",0.178420231528931
"PZB01261.1",0.211838403339531
"PZB01261.2",1.27667423313875e-17
"PHM16125.47",0.359304645477577
"PZB01103.2",0.15651689294553
"PZB01103.4",0.105563746295119
"PZB01103.1",0.211209289197404
"PZA03438.1",0.144773069633364
"PZA00725.4",0.181892640290075
"PZA00725.1",0.16792375571669
"PZA03163.4",0.107853306098041
"PZA03165.1",0.189749286637473
"PZA03163.2",0.157164094478935
"PZA01885.2",0.117786867028498
"PZA00390.6",0.14353885670039
"PZA00390.7",0.163762993837085
"PZA00639.12",8.1524088766727e-16
"PZA02964.7",0.145593797404516
"PZB00772.2",0.139881900465824
"PZB00772.7",0.174614043147279
"PZB00772.1",0.138616772628436
"PZB00772.4",0.174217727646499
"PZA03602.1",0.306353243738921
"PZA03602.2",0.170898328290179
"PZA03601.3",0.167019031407334
"PZA03601.1",0.217153851631124
"PZA03600.1",0.214725928273195
"PZA02456.1",0.118914532858545
"PZB01234.5",0.193062273391999
"PZA03293.1",0.12978909875731
"PZA02680.1",0.142549867341735
"PZA00676.2",0.114352391592154
"PZA02989.5",0.174163988495577
"PZA03169.3",0.137147338656679
"PZA03169.1",0.132405747349287
"PZA03169.2",0.145524548077024
"PZA02418.2",0.11636169506095
"PZA00527.6",0.136255948724331
"PZA00527.5",0.132266046939703
"PZA00527.10",0.158283323783239
"PZA00164.1",0.13762986593135
"PZA02453.1",0.124759283682164
"PZA00163.4",0.194059059916574
"PZA01991.3",0.13889635933362
"PZB00139.1",0.341208695173227
"PZA00487.24",0.205449858981843
"PZA00487.16",0.187428714772969
"PZB01013.3",0.145074994644571
"PZB01013.1",0.188871183636896
"PZB01013.2",0.123861188689926
"PZB01013.4",0.32237243626481
"PZA01895.1",0.141330773511592
"PZA01352.5",0.119455486869905
"PZA02727.1",0.309746464718308
"PZA00121.1",0.116947110090211
"PZA00121.10",0.238066368290686
"PZA00672.6",0.108126442926243
"PZD00022.5",0.200717472162923
"zap1.2",0.383448582502413
"zap1.3",0.214369747934802
"zap1.5",0.238190111690208
"PZD00022.3",0.231360822966734
"zap1.7",0.306335548776151
"PZD00022.1",0.28950213098925
"PZA03576.4",0.167490661861373
"PZA03576.1",0.158026596462576
"PZA03576.3",0.173046518394617
"PZA03577.2",0.325230925175586
"PZA03577.1",0.145750542225793
"PZA03321.1",0.162488440482047
"PZA03321.4",0.228246277378483
"PZA00309.1",0.265449510508745
"PZA00134.12",0.271442096239466
"PZA00615.6",0.136603333173807
"PZA00615.3",0.217930682084006
"PZA02090.1",0.162574516680808
"PZD00038.3",0.17073709980863
"PZD00038.1",0.117582156007522
"PZA02678.1",0.175074263079742
"PZA00100.9",0.130552097030573
"PHM12859.7",0.163585724041861
"PZA00100.2",0.132578142134307
"PZA00458.6",0.152843256819387
"PZA00458.1",0.142981670109869
"PZA03527.3",0.134992840325302
"PZA03527.2",0.166911135594362
"PZA03527.1",0.142176210370357
"PZA03212.3",0.122511244816569
"PZA00749.1",0.151550778391392
"PZB01947.1",0.237487668801297
"PZA03525.1",0.124248220327518
"PZB01940.1",0.152690959200999
"PZA03283.2",0.162370166617333
"PZA03283.1",0.129132622755162
"PZA00537.4",0.138989746597466
"PZB00470.5",3.72386741204947e-10
"PZB00064.1",0.139226946117254
"PZB00112.2",0.181717382225079
"PZB00112.1",0.152464086318671
"PZA01765.1",0.23640993262038
"PZA03009.5",0.25468857138236
"PZA03009.6",0.120612374580893
"PZA03009.7",0.137701660762802
"PZA00508.2",0.183571354891444
"PZA03145.1",0.126932435566253
"PZA02855.14",0.133935869052657
"PZA02855.17",0.131830106651737
"PZA02855.22",0.161349217589026
"PZA03309.1",0.170714344932022
"PZA00480.10",4.98158351221743e-33
"PZA03185.1",0.143309391236366
"PZA02427.1",0.270038850870895
"PZA00645.1",0.305009188222956
"PZB01964.4",0.238612079222067
"PZB01964.3",0.126597229024861
"PZB01964.6",4.09685005675724e-06
"PZB01964.5",0.146481811452779
"PZB01964.1",0.144945858679219
"PZB01720.1",5.01525229031108e-33
"PHM2343.25",0.132231847810062
"PZA00210.9",0.187992246015388
"PZA00210.6",0.147915920642459
"PZA00210.1",0.141518563625938
"PZA03054.10",0.27071129154693
"PZA03054.5",0.138349214792123
"PZA03054.3",0.16713503691296
"PZA01473.1",0.108903359939446
"PZA00348.10",0.18525366022037
"PZA00348.11",0.151268844195648
"zb21.1",0.114570860828617
"PZA00380.5",0.199402492582762
"PZA00380.7",0.137656235756991
"PZA00297.2",0.161806892927362
"PZA00297.3",0.189250502216968
"PZA01114.2",0.111159696808308
"PZA03070.9",0.140626756832423
"PZA03070.7",0.117641117199927
"PZA03070.6",0.127274574897305
"PZA03070.5",0.208455353299376
"PHM15899.9",0.0990673017466211
"PZA03269.1",0.228991909606945
"PHM15474.5",0.146863319242203
"PZA01447.1",0.142054690073807
"PZA03119.1",0.148581997414367
"PZA03119.3",0.391866170525074
"PZA00265.6",0.12906719429461
"PZA00265.4",0.14537172358547
"PZA00627.1",0.166282241903346
"PHM2324.23",0.131945619446176
"PZA03242.1",0.21658578675033
"PZA02699.1",0.257610443048022
"PZA00414.27",0.146742361914925
"PZA02134.3",0.255455942341437
"PZA00608.1",0.125966962846222
"PHM5502.31",0.156472098018868
"PZA00608.5",3.29705002352334e-07
"PZA00621.2",0.138754330850337
"PZA03366.2",0.101681685296179
"PZA03366.1",0.225045645355664
"PZA00565.3",1.30151658881639e-16
"PZA00109.3",0.139717865497174
"PZA00232.24",7.83684352368464e-07
"PZA02742.1",0.115665159883048
"PZA02645.2",0.125492419564415
"PZB02484.1",0.234411989426667
"PZB02484.2",0.120628370274309
"PZA03761.3",0.123587791624941
"PZA03761.1",0.133306931065855
"PZA03761.2",0.142462930324154
"PZA03761.4",2.77200038003906e-33
"PZA00707.7",0.132361331791384
"PZA00707.9",0.171007085799634
"PZA03760.3",0.173613242584663
"PZA03760.2",0.17063755409105
"PZA03760.1",0.122829551957833
"PZA03302.1",0.192321027195994
"PZA03302.2",0.171111380302364
"PZA03302.3",0.146596333948323
"PZA02619.1",0.133119971480696
"PZB00037.1",0.120154695331186
"PZB00037.2",0.161386307590558
"PZB00037.3",0.108871135544502
"PZB00451.1",0.123916391139315
"PZB00035.1",0.143668454787976
"PZB00451.2",0.136544780410076
"PZA03729.1",0.169768649276683
"PZA03730.1",0.249865209092927
"PZA03730.2",0.151838946801244
"PZA03730.3",0.114800778298742
"PZA03731.1",0.122513758975754
"PZA03731.2",0.130397845092797
"PZA03198.3",0.126222904461422
"PHM15449.10",0.169746056814743
"PZA00413.2",0.127362620107442
"PZA00413.18",0.148729829164564
"PZA00413.17",0.196665093827002
"PZA00295.7",0.119388095336488
"PZA00363.6",1.78364324915587e-16
"PZA00363.5",6.05825085685362e-06
"PZD00016.4",0.152872680033114
"PZD00015.5",0.196685757479002
"PZD00014.4",0.156874400720691
"PZB02002.1",0.138507128545276
"PZA02888.3",0.299077099795671
"PZA03264.1",0.136356148006857
"PZA03122.1",0.184916281201232
"PZA00254.3",0.13126980333545
"PZA00719.2",0.145807625752023
"PZA00719.1",2.20382877506561e-16
"PZA00114.3",0.170539371793646
"PZA00920.1",0.156876320915379
"PHM890.20",0.203475299939571
"PZA02906.7",0.157803433629483
"PZB02044.1",0.15319627380981
"PZB02044.3",0.178259161078297
"PZB02044.2",0.135870143721916
"PZB02122.1",0.157094878743928
"PZA03541.2",0.182212371237872
"PZA03541.3",0.243890984144414
"PZA03541.4",0.123549988446571
"PZB01183.1",0.135942707321942
"PZB00228.6",0.196111223683615
"PZB00228.4",0.116977301717015
"PZB00228.5",0.116598608827536
"PZB00228.2",0.149844693060853
"PZB00274.4",0.159136455503782
"PZB00274.5",0.182028396927756
"PZA00827.1",0.180170235249872
"PZA03658.1",0.137284867822347
"PZA00507.11",0.216666530670135
"PZB01683.2",0.155161938036234
"PZB01683.3",0.160257980261172
"PZA00391.2",0.1827597510743
"PZA00948.1",0.140917375233666
"PZA03019.8",0.115201188678901
"PZB01463.7",0.153258877438106
"PZB01463.6",0.164394761062455
"PZB02179.1",0.10997692894518
"PZB02179.2",0.128643149736815
"PZB02179.5",0.196580962000199
"PZA00828.2",0.192153684696022
"PZA02944.12",0.142121346016854
"PZA02944.10",0.15050406990206
"PHM9914.11",0.276068081204725
"PZA02923.7",0.166409128755785
"PZA00667.1",0.134437849323367
"PZA00667.2",0.177804343814081
"PZD00003.3",0.128255556726343
"PZB01892.1",0.181268984843628
"PZB01856.4",0.126293726910464
"PZB01856.1",0.127797167905799
"PZB01856.2",0.120977881458127
"PZB01856.3",1.75643913298847e-07
"PZD00006.1",0.257102930099673
"PZD00008.3",0.206215718314273
"te1.4",0.150948786274606
"te1.3",0.163898151481205
"te1.1",0.152677461048765
"PZD00007.1",0.156281216896548
"PZA01396.1",0.157142153855023
"PZA00186.2",0.112569531649803
"PHM2885.31",0.155051700494674
"PZB01933.1",0.139357047697504
"PZB01933.2",0.138913785664589
"PHM1959.26",0.114917590809041
"PZA03073.28",0.119255528553346
"PZA03073.23",0.122232954064713
"PZA03073.24",0.141676713296754
"PZA03073.25",0.11145652123125
"PZD00040.2",0.122978432372727
"PZD00040.3",0.14766375322779
"PZD00027.5",0.106113874079131
"PZD00027.1",0.137033005463499
"PZD00027.2",0.124254846032737
"PZD00027.3",0.168696790477057
"PZA02402.1",0.158999338801855
"PZA03032.17",0.19338203677341
"PZA03032.16",0.1370641323678
"PZA03032.19",0.161520781391529
"PZA00783.1",0.146870816246824
"PZA00166.3",0.151587257677513
"PZA00166.1",0.147718931833704
"PZA02212.1",0.249436885255642
"lg2.1",0.215176370898373
"lg2.2",0.240345315269105
"PZB01473.3",0.344374120655792
"lg2.11",0.137724901614802
"lg2.12",0.316176674583755
"PHM17210.5",0.122786949626326
"PZA01962.12",0.140211378292176
"PZB01919.3",3.06375535333288e-33
"PZB01919.2",0.186476002166573
"PZB01919.1",0.114102276990675
"PZA00701.6",0.135262265754958
"PZA03359.1",0.12566033479084
"PZA03359.2",0.173829398418726
"PZA03359.3",0.1655300605339
"PZA00482.10",0.284614547468168
"PHM1675.29",0.177193957453609
"PZA00107.18",0.135664801829193
"PZA00107.4",0.218586154776032
"PZA03733.2",0.163980921190969
"PZA03733.1",0.187158226604317
"PZA03734.2",0.276020937886597
"PZA03734.3",0.159603483016438
"PZA03735.2",0.202403857561335
"PZA03735.1",0.190380601734118
"ba1.9",0.210616039535748
"ba1.8",0.222643282201282
"ba1.7",0.141069873042978
"ba1.6",0.213780527329368
"ba1.5",0.169822465480174
"PZA00099.6",0.296377501127773
"PZA03191.1",0.111773733259986
"PZA03191.2",0.135341036850453
"PZA03191.3",0.245749290912603
"zb27.1",0.113402600753635
"PZA03649.1",0.155593475097853
"PZA03648.2",0.144554434984722
"PZA03648.3",0.128582031728693
"PZA03648.1",0.168495420576476
"PZA03647.3",0.127047152623213
"PZA03647.1",0.176415158127057
"PZA00702.5",0.137183536844709
"PZA00586.1",0.144226141588386
"PZB00628.3",0.174209634189388
"PZB01052.4",0.170055079962942
"PZB01052.3",0.138174758565305
"PZB01052.2",0.172019771631612
"PZB01052.1",0.124991309315578
"PZA00303.19",0.137794402414794
"PZA00303.6",0.126800143807274
"PZA00618.21",0.104759342397775
"PZA00236.7",0.232214118225088
"PZA01228.2",0.120003401522056
"PZA03743.1",0.141201533798835
"PZA03744.1",0.155072386323313
"PHM13673.53",0.157307596525905
"PZB01223.1",0.138734636924261
"PZB01223.3",0.208076317475256
"PZB01223.2",0.164913996176715
"PZA03255.1",0.161444488995226
"PZA03255.3",0.120296203599868
"PZA03255.4",0.131942614194839
"PZB02516.2",0.120899287842882
"PZB02516.3",0.177229888620359
"PZB02516.1",0.140941435364959
"PZA02952.10",0.125196276743566
"PZA02952.7",0.169793473865255
"PZB01109.1",0.16525076164768
"PZB01109.2",0.215670084560964
"PZA01035.1",0.153720865822653
"PZA00308.24",0.158454174217211
"PZA00308.23",3.33028841067526e-33
"PZA01457.1",0.132422856584554
"PZA00201.2",0.240808045743538
"PZA02122.9",0.145411473416004
"PZD00004.3",0.140824795806696
"PZA00892.5",0.153240463452046
"PZA03224.3",0.139493226465118
"PZA03224.4",0.135764750568032
"PZA03224.1",1.41535160472206e-08
"PZA03008.21",0.175388267169162
"PZA03011.6",0.138530575776781
"PZA03154.2",0.133011229120443
"PZA03154.4",0.12234849425405
"PZA03154.1",0.169325415273572
"PZB01449.2",0.0992623471621625
"PZB01449.3",0.194838376512753
"PZA00047.2",0.150571497709986
"PZA00220.2",0.133642618882023
"PZA00220.11",0.292262075501071
"PZA00538.18",0.123534173891377
"PZA00538.15",0.201148693620435
"PZA00538.7",0.121090185701328
"PZA02516.1",0.186279734261999
"PZA03349.4",0.146410261353922
"PZA03349.1",0.158065094054607
"PZA03346.6",0.158923988536822
"PZA03346.5",0.24983869027016
"PZA03553.1",0.117154634842312
"PZB01457.1",0.139020582566084
"PZB01457.3",0.173765087540084
"PZA03146.3",0.135309298456154
"PZA03146.1",0.154301341444013
"PZA03146.4",0.126398634046935
"PZA03146.2",0.16859629212103
"sh2.4",0.142652302273258
"sh2.3",0.153311045388245
"sh2.21",0.195815161991051
"sh2.2",0.275644959302648
"sh2.1",0.117513672279
"PZA00750.1",0.159080221413477
"PZA01154.1",0.30015579242863
"PHM3342.31",0.123149473309903
"PZA02665.2",0.149319656976266
"PZA01233.1",0.175089596242543
"PZA02514.1",0.13255428270153
"PZB02076.3",0.166161851113041
"PZB02076.1",0.143063425669306
"PZA02824.3",0.164957796769231
"PZA02824.1",0.154577133255815
"PZA02668.2",0.244550238839394
"PZA00219.7",0.177885382792811
"PZA00219.6",0.133300082388981
"PZA03360.1",0.311478965042883
"PZA03391.1",0.203577575312434
"PHM2672.19",0.255045946942477
"PZA03391.3",0.148401740784032
"PZA00234.19",0.173362519388031
"PZA00234.21",0.149117499588075
"PZA02789.36",0.108704492091551
"PZA02789.31",0.231246645487119
"PZB00954.1",0.128163986001308
"PZA00572.1",0.161134617037457
"PZA00572.2",0.180257148627777
"PZA00316.2",0.315562547900274
"PZA00316.9",0.211945591552952
"PZA01688.3",0.125480359318966
"PZA01360.3",0.146220528552697
"PZA02182.1",0.139790857849453
"PZA00143.5",0.130433386668329
"PZA00420.1",0.151206892228182
"PHM2423.33",0.165482046517007
"PZA00088.3",0.253954774953562
"PZB01460.1",0.216403981007179
"PZA03013.7",0.137710856785141
"PZA03013.8",0.15462355438675
"PZA00216.8",0.205921900605831
"PZA00216.2",0.202828913750236
"PZA00136.2",0.256612491034031
"PZA00136.1",0.129109321646006
"PZA03109.3",0.127678609192038
"PZA03109.2",0.137992453780366
"PZA03109.1",0.142247977402846
"PZA03106.1",0.122192092506104
"PZA03107.1",0.126639191931134
"PZA00700.1",0.197315025503705
"PZA00700.3",0.164440455534646
"PHM2438.28",0.361781919304124
"PZA03227.1",0.148577815803266
"PZA03227.2",0.140414870916211
"PZA00371.5",0.1222130721962
"PZB02080.2",0.172446230605488
"PZB02080.1",0.159110249802638
"PZA00436.7",0.285632467795959
"PZA00683.1",0.12190756979266
"PZA00683.2",0.170493300449905
"PZA02358.1",0.167093881959342
"PZA02138.1",0.155209525619765
"PZA01122.1",0.198041788236581
"PZA00078.4",0.174261042589478
"PZA00078.2",0.104888203654837
"PZA00139.4",0.149878889488072
"PZA00139.14",0.135914580266333
"PZA01422.3",0.213083304270121
"PZA00644.11",0.11725733717226
"PZA00488.1",1.23535156412498e-06
"PZB01619.2",0.138388423419533
"PZA02457.1",0.125489151438306
"PZA03643.2",0.187025170794192
"PZA03643.1",0.116488844399302
"PZA03693.1",0.142624299374073
"PZA03043.8",0.140948406214425
"PZA03043.14",0.150490941876409
"PZA02705.1",0.152858999884489
"PHM15427.11",0.12581369176182
"PHM13623.14",0.119978140175302
"PZA01106.3",0.115778722074972
"PZA01713.4",0.135320965919726
"PZA03247.1",0.12394395053849
"PZA03247.3",0.151884303370014
"PZA00125.2",0.168993090465618
"PZA00125.8",0.247241628011451
"PZA03385.1",0.139419115673742
"PZA03385.2",0.18379477181536
"PZA01751.2",0.153357365293092
"PZA02968.3",7.15644426202114e-17
"PZA02968.4",0.170416995715591
"PZA00315.6",0.386696095833651
"PZA00315.1",0.184485789719725
"PZA03420.1",0.171083038842606
"su1.3",0.250281215998409
"su1.4",0.150900959352217
"su1.1",0.140633637173191
"PZA00699.1",0.150344739187483
"PZA00699.5",0.103909678510763
"PZA03337.1",0.165485854132854
"PZA00445.18",1.23648651775618e-05
"PZA01759.1",0.275883564303113
"PZA00726.6",0.124113206264109
"PZA00726.7",0.134477595617023
"PZA00726.10",0.198594958279775
"PHM14055.6",0.119017241117848
"PZB00129.1",3.69885919834065e-13
"PHM1307.11",0.126370803238623
"bt2.2",0.151986463571613
"bt2.4",0.193076774648068
"bt2.7",0.155079719491201
"PZA03706.1",0.187426665913525
"PZA03254.1",0.18112351841932
"PZA03254.2",0.182667659819674
"PZA03254.3",0.200086619044863
"PZA03705.1",0.196635484761105
"PZA03586.1",0.151617895174852
"PZA03751.1",0.175279715101218
"PZA03752.2",0.129787739056457
"PZA03752.1",0.135286594404846
"PZA03753.2",0.108669375440951
"PZA03753.1",0.137727066298662
"PZA03587.2",0.145409802083021
"PZA03753.3",0.180835885342299
"PZA00548.13",0.146818174721221
"PZA00548.3",0.231546588542297
"PZA03597.1",0.217021833619885
"PZA02938.5",0.15452710387469
"PZA02938.3",0.136281462337398
"PZA03270.2",0.133800189176982
"PZA03270.1",0.132245177691558
"PZA03270.3",0.128545977831964
"PZA03270.4",0.177366486393781
"PZA03270.5",0.14608371719253
"PZA00218.1",0.153009764910738
"PZA00218.6",0.152454960431937
"PZA03372.3",0.123462309248439
"PZA03564.2",0.115404921800991
"PZA03564.1",0.143227607243113
"PZA03562.1",0.149312235505823
"PZA03562.3",0.101324551916233
"PZA03203.1",0.130552719033467
"PZA03203.2",0.150734897948604
"PZA03367.2",0.142689662906259
"PZA03367.1",0.164537417011683
"PZA00104.1",0.129830300900366
"PZA00630.9",2.49000977898411e-14
"PZA03231.1",0.153682983141133
"PZA03536.1",0.132143813628566
"PZA03536.2",0.228310075240604
"PZA03535.3",0.126160489419365
"PZA03535.2",0.148477754141853
"PZA00092.5",0.193557025633791
"PZA00092.1",0.138423983194575
"PZB02053.3",0.152641054333957
"PZB02053.1",0.149270413320609
"PZB02053.2",0.144148589226214
"PZA00549.3",0.17512615818618
"PZA03376.1",0.131884711476914
"PZA03376.2",0.273889390278046
"PZB00104.3",0.227596276450912
"PZB00104.2",0.130169767198221
"PZB00104.1",0.160816191175566
"PZB00153.1",0.256415228680147
"PZB00093.7",0.167610349635666
"PZB00093.2",0.154969958110054
"PZB00093.1",0.151235557522716
"PZA00662.3",0.163560974973628
"PZA00704.1",0.141354802424169
"PZA00704.11",3.48553675711646e-23
"PZA03409.1",0.160552455767947
"PZA03409.2",0.156762818929737
"PZA03409.4",0.112832972109054
"PZA03409.3",0.140277214781219
"PZB01080.2",0.122535938354847
"PZB01080.1",0.290569160376867
"PZB01689.1",0.195528419565271
"PZB01689.2",0.23381241676249
"PZA00151.2",0.223859521193903
"Fea2.2",0.247916519504968
"Fea2.6",0.113996623520791
"Fea2.3",0.166794352177746
"Fea2.5",0.133855846222871
"Fea2.1",0.205091499091712
"Fea2.4",0.122433895205474
"PZA02988.2",0.224365516735815
"PZA03288.1",0.154194642015135
"PZA03288.2",0.128264296058986
"PZA00663.5",0.129931037382792
"PZA02147.1",0.116343053572609
"PZA03174.3",0.226038628281367
"PZA03152.2",0.160932149985084
"PZA03152.3",0.118593890070588
"PZA03152.1",0.178183684158312
"PZA02982.5",0.108087510684962
"PZA02982.6",0.131217320411153
"PZA02982.7",0.110282016258825
"PZA00523.2",0.202085502451119
"PZA03331.3",0.13726621745281
"PZA03297.1",0.134112880191376
"PZA03331.7",0.124821095052041
"PZA02992.15",0.140861142212444
"PZA02992.1",0.132552029994658
"PZA03311.2",0.203498425063704
"PZA03311.3",0.183841084859122
"PZA03311.6",0.283311489159248
"PZA03311.7",0.161117029041447
"PZA03311.4",0.128827635385807
"PZA03311.5",0.133999871012094
"PZA03548.1",5.91010860343131e-09
"PZA00057.2",0.109138073099076
"PZD00018.1",8.21158917829887e-08
"PZB00229.1",0.193852126604138
"PZB00092.1",0.15430165708129
"PZB00229.2",0.251803844617363
"PZA01926.1",0.14159667820025
"PZA00464.6",0.119535850971357
"PZB01378.2",0.128924371950438
"PZB01378.3",0.150377603543799
"PZB01378.5",0.143444208186558
"PZB01378.4",0.156927390353721
"PZA03653.1",0.145204145438087
"PZA03654.1",0.143430824788353
"PZA03654.2",0.253537499740109
"PZA00492.26",0.345733143248173
"PZA00492.25",0.273213913815142
"PZA03116.4",2.12450661726692e-32
"PZA03116.1",0.242363923884281
"PZA03116.2",0.265372522255239
"PZA00453.2",0.112088164823862
"PZA00453.7",0.240145915314992
"PZA03379.1",0.156824260777462
"PZA03379.2",0.210298470426941
"PZA01289.1",0.124380960129365
"PZA03308.3",0.18456178337434
"PZA03308.2",0.131077600145373
"PZA03406.1",0.109021386402879
"PZA00271.1",0.150656080101026
"PZA01477.3",0.232748311645331
"PZA03314.1",4.57999622335057e-09
"PZA02819.22",0.277277663093286
"PZA02819.35",0.231753021719721
"PZA02825.4",0.138333335282934
"PZA03275.4",0.12194998696007
"PZA03275.3",0.232956968675001
"PZA03275.1",0.14378395560482
"PZA01187.1",0.141046262421102
"PZB02464.2",1.24354124470773e-17
"PZD00030.9",0.158735284476439
"PZD00030.11",7.49120063539216e-05
"PZD00030.2",0.130424925468246
"PZD00030.10",4.49139816610838e-14
"PZD00030.8",0.174586662397069
"PZD00029.3",7.46559562651169e-07
"PZD00029.4",0.120970413857587
"PZB00282.2",0.167880430828672
"PHM3637.14",0.114619596664641
"PZA02194.1",0.164893706892204
"PZA02289.2",0.100617018628102
"PZB01090.1",2.18916464524667e-06
"PZA03445.1",0.141969184483093
"PZA01954.1",0.181993910031152
"PZA03263.2",0.262291999476792
"PZA03263.1",0.197819159198251
"PZA03158.3",0.109242049605077
"PZA03158.1",0.141660431552929
"PZA02949.25",1.29358742131919e-14
"PZA02949.22",0.128624714213323
"PZA00941.2",0.126798998690723
"PZA00344.10",0.185531013779169
"PZB01461.3",0.134773131266025
"PZB01461.2",0.249605053824985
"PZB01461.1",0.245017451585397
"PZB01461.4",8.32537378918376e-08
"PZA00332.3",0.136480903803113
"PZA00332.5",0.167703568302458
"PZA00193.1",0.205880115827734
"PZA00193.2",0.129280206803782
"PZA03575.3",0.172997516285012
"PZA03575.2",0.161126858594557
"PZA03575.4",0.142446320626433
"PZA01790.1",0.110374294793937
"PZA03205.1",0.158263052261695
"PZA03205.3",0.13517226649135
"PZA03534.3",0.130370124453795
"PZA03534.1",0.205746314937909
"PZA03533.1",0.195014877888265
"PZA01566.1",0.114728051191177
"PZA02421.1",0.198710321882316
"PZA00633.8",0.159195304984282
"PZA00633.4",0.19156336968283
"PZA02779.1",0.186818637761085
"PZA03719.2",0.154849793923589
"PZA03719.1",0.148262230320387
"PZA03720.1",0.187915716410819
"PZA03720.2",0.182564999646895
"PZA03721.1",0.163124219686464
"PZA03124.1",0.168348436903408
"PZA01332.2",0.167705749591028
"PZA03081.9",0.129788574259677
"PZA03081.6",1.24729799095325e-15
"PZA03081.1",0.13833545493614
"PZB01021.5",0.138736675630091
"PZB01021.4",0.211687280272776
"PZA03271.1",0.157704163849475
"PZA03271.2",0.118228511041145
"PZA03725.2",0.215612993342519
"PZA03725.1",0.226930608338024
"PZA02479.1",0.201747215932127
"PZA02865.11",0.133044833957539
"PZA00155.1",0.16520879419096
"PZA03150.3",0.241422529571128
"PZA03150.4",0.168337164509002
"PZA03155.1",0.156038103249777
"PZA03155.3",0.21985246766163
"PZB00878.2",0.124142574465769
"PZB00878.3",0.13480618675795
"PZB00878.1",0.129282404366892
"PZB00724.1",0.177213908272394
"PZB01022.3",0.170831704290433
"PZB01022.4",0.169240419275531
"PZA00878.2",0.148398743205312
"PZA00636.7",0.1668305358539
"PZA00399.10",0.12808976934461
"PZA00521.3",0.136068752214216
"PZA00694.6",0.127712572914687
"PZA03755.2",0.106245902571871
"PZA03755.3",0.117473690509513
"PZA03754.2",0.113338291620872
"PZA00209.4",0.171150879244476
"PZA00209.8",0.112765364665277
"PZA02155.1",0.143215958418179
"PZA00513.1",0.422947839499022
"PHM5599.20",0.134015132234584
"PHM5665.26",0.22581734829275
"PHM2100.21",0.112149519051918
"PZA03322.1",0.205810966498402
"PZA03322.5",0.191765554179027
"PZA03322.4",0.158537779222599
"PZA03322.3",0.155037105098235
"PZA00005.2",0.115119849083101
"PZA00005.5",0.151794011048758
"PZA03017.10",0.150335397579575
"PZA03599.3",0.190035490686345
"PZA03599.2",0.231691963935072
"PZA03599.1",0.145490508656124
"PZA03598.1",0.373882906745361
"PZA03598.2",0.232768621321961
"PZA01905.12",0.154275238626003
"PZA02239.12",0.151198339161922
"PZA00682.16",0.290716115699305
"PZA00682.2",0.163596250047446
"PZA00051.17",0.144433443715653
"PZA00051.2",0.140745363234165
"PZA00282.14",0.129985127050713
"PZA03762.1",0.407368717640361
"PZA03762.2",0.156511748640366
"PZA01887.1",0.174163644397618
"PZA00684.12",0.137285201177119
"PZA02894.1",0.116178168932314
"PZA00191.5",0.145068541038811
"PZA00191.4",0.159702864624153
"PZB01352.6",0.317597095932862
"PZB01352.4",0.213648742301799
"PZB01352.2",0.130467074088653
"PZA03046.4",0.150809919103975
"PZA03046.3",0.150371589034855
"PZA03046.2",0.1827364081021
"PZA01570.1",0.211917072120888
"PHM13122.43",0.126931591616184
"PZA03304.2",0.17054276904339
"PZA03304.3",0.164452953689705
"PZA03304.1",0.169118326469761
"PZB01396.3",0.169454023487175
"PZB01396.2",1.97125039001634e-06
"PZA00089.3",0.190973914026489
"PZA03186.1",0.223109221188508
"PZA03186.2",0.198341959118068
"PZA02653.12",0.153054635684658
"PZA02462.1",0.28818831342233
"PZB00081.4",0.362193724136137
"PZB00081.2",0.273085560672116
"PZB00081.3",0.223883648902914
"PZB00081.5",0.16203911009245
"PZB00045.3",0.417015708034176
"PZB00045.2",0.144514992343082
"PZB00054.3",0.142093928990122
"PZB00102.1",0.13879047750617
"PZB00102.2",0.13440665962826
"PZB02107.1",0.133705197773742
"PZA03584.1",0.177974111227482
"PZA03584.2",0.15520043391447
"PZA02753.1",0.15378309667751
"PZA03303.7",2.8336648630533e-07
"PZA03303.3",0.120979306983629
"PZA03303.6",0.26326847995908
"PZB01993.2",0.183818853419695
"PZB01993.5",7.30164123409532e-23
"PZB01993.3",0.230369103869868
"PZB00094.1",0.144236079685769
"PZA01925.1",0.15148917563449
"PZA00865.1",0.205151314453629
"PZA00281.1",0.143900249316622
"PZA00281.13",0.23798682262471
"PZB00182.3",0.142566508452873
"PZB00188.2",0.160183565622839
"PZB00188.1",0.124639762492969
"PZB00069.1",0.125864353273119
"PZA03244.3",0.141197326749244
"PZA03244.5",0.153968007945221
"PZA03244.1",0.138456604891237
"PZA03244.6",0.165906344441622
"PZA03244.2",6.38848711652483e-09
"PZA03244.4",0.134817800106752
"PZB00079.2",0.126280404395221
"PZB00079.4",0.203209778914532
"PZB00079.3",0.166688338294823
"PZB01479.1",0.125930506186462
"PZA03678.1",0.254854667335149
"PZA03092.7",1
"PZB01642.1",0.143660710490142
"PZB01642.2",0.115094762415209
"PZA00004.2",0.280191209855792
"PZA00112.3",0.111840322001936
"PZA00112.4",0.119051088748641
"PZA00112.5",0.197045712779982
"PZA00985.1",0.113613042626334
"PZA01327.1",0.208218933811209
"PZA01523.1",0.157875039341415
"PZA03371.2",0.378416030956085
"PZA03371.1",0.170238502007626
"PZA03371.3",2.69881903485057e-33
"PZA00247.5",0.129851897245267
"PZA00517.6",0.151924517118437
"PZA00517.4",0.163533251721853
"PZB00223.1",0.129088743503129
"PZB00223.2",0.269327144239356
"PZB00223.3",0.10758971966591
"PZA03226.2",0.155353172761947
"PZA03226.3",0.183630023541956
"PZA03340.1",0.130615853213665
"PZA03340.3",0.156312530864214
"PZA03340.2",0.121968503327014
"PZA02792.26",0.134620040090579
"PZA02792.25",0.108249198304938
"PZA02792.18",0.10295973690911
"PZA02792.16",0.140492493427208
"PZA02792.9",0.135452659289457
"PZA03298.1",0.136094604176252
"PZA03298.3",0.154363793362867
"PZB01983.2",0.113876654562366
"PZB01983.1",0.175131679516868
"PZA00329.3",0.128921620845425
"PZA00934.2",0.230842318329037
"PZA02113.1",0.118951498970633
"PZB00579.2",0.107419488135056
"PZB00579.1",0.174917790580098
"PZB00869.4",0.112147549296107
"PZB00869.1",0.130384601789556
"PZB00869.2",0.167733298374995
"PZA01563.1",0.112028731856046
"PZA00499.10",0.262036824231799
"PZA00499.3",0.155161610752573
"PZA00449.2",0.139936224662355
"PZA03261.1",0.116642647037166
"PZA03217.1",0.242638133758304
"PZA03217.2",0.145141280812816
"PZA00629.21",0.131903824955177
"PZA00407.8",0.158866161556691
"PZA02207.1",0.269817023006904
"PZA00401.6",0.133698243277119
"PZA00401.11",0.156702762839049
"PZA00805.1",0.147099683159454
"PHM2769.43",0.130296684884018
"PZA00522.2",0.184842277523698
"PZA00522.7",0.182516065836492
"PZA00522.12",0.209675923675254
"PZA00222.7",0.237512118315912
"PZA00222.5",0.236054822235075
"PZB01004.2",0.225718197284893
"PZB01004.1",0.113161845804771
"PHM1870.20",0.400137183703764
"PZA03451.7",0.240019874886204
"PZA03451.5",0.349706983263747
"PZA03451.6",0.145526976152052
"PZB01271.1",0.145292422896393
"PZA03426.1",0.185957380410205
"PZB01115.4",0.136206317332849
"PZB01115.3",0.167282531208853
"PZA00710.11",0.170885520901325
"PZA00710.1",0.121908288634471
"PZA00345.27",8.16006581414686e-33
"PZA00345.15",0.201071037606083
"PZA00472.2",0.122192445169848
"PZB01336.6",0.146883730038695
"PZB01336.3",0.30416629344511
"PZA03411.3",0.144508013659979
"PZA03411.2",9.19293497434597e-09
"PZA01050.1",0.165474902346023
"PZB00232.1",0.142674911086341
"PZB00232.2",0.136052254622072
"PZB02023.1",0.171624240003093
"PZA03042.1",0.116092462442252
"PZA03042.5",0.15198138814246
"PHM4165.14",0.140552691933034
"PZA00626.4",0.117204138446581
"PZA00626.3",0.119642224125467
"PZA00569.11",0.176763963910036
"PZA00569.17",0.166632452345226
"PZA03356.2",2.14240474449107e-33
"PZA03356.1",0.152445823131893
"PZA03356.3",3.3861895583437e-06
"PZA03399.2",0.144872078697669
"PZA03399.1",0.123731566257501
"PZB01112.1",0.136860075166601
"PZB01112.2",0.134417433863588
"PZB01112.5",0.189301223946605
"PZB01112.3",0.127684704580684
"PZA03201.2",0.14357184426533
"PZA01349.2",0.21388812243733
"PZA03677.3",0.235249359716719
"PZA03677.4",0.140154417055282
"PZA03677.1",0.255849164150956
"PZA03677.2",0.180512300116672
"PHM5798.39",0.278481151524228
"PZA01303.1",0.147317378523464
"PZA00261.6",0.216961864494911
"PZA00261.5",0.197108867884785
"PZA03622.1",4.88138582736144e-09
"PZA03594.1",0.133360663933144
"PZA02818.10",0.330191820103343
"PZA02818.6",0.344214312985183
"PZB00147.1",0.174877358451069
"PZA01779.1",0.20115328980108
"PZB02425.3",0.223981061879239
"PZB02425.2",0.13396249768874
"PZA01693.1",0.128705414846421
"PZA00570.11",0.16714450602147
"PZA00570.19",0.141054610203446
"PZA03049.23",0.145246603319875
"PZA03049.15",0.134675764375251
"PZA03049.14",0.158356893015785
"PZA03049.24",0.228996591390689
"PZA00643.13",0.136217124700577
"PZA00643.11",2.9358672020437e-10
"PZA03284.3",0.21841536806856
"PZA03284.4",0.276276868208387
"PZB02059.1",0.148422401117177
"PZB02059.3",0.234831095050454
"PZA00547.8",0.195004912163507
"PZA00547.6",0.160714884501411
"PZA00249.2",0.103325053947398
"PZB01632.2",0.173939247754417
"PZA00031.5",0.187909147906146
"PZB01632.1",0.121747678676125
"PZB01632.3",0.158422386856082
"PZA00524.2",0.135840129068087
"PZB00969.1",0.157844721863752
"PZB02491.1",0.141494467165871
"PZA00067.8",0.153387566141848
"PZA00067.10",0.154667294818958
"PZA00067.9",0.123046255922808
"PZA02822.2",2.45662776477958e-08
"PZB01017.1",0.15571611384851
"PZB01017.2",0.159879974355288
"PZB01017.4",0.202357621316701
"PZB01017.3",0.137929220709591
"PZB01017.5",0.163323641340327
"PZA01608.1",0.211462975749524
"PZA00573.11",0.269268911872317
"PZA00573.3",0.202343997759181
"PZA01796.1",0.125478872016173
"PZA02965.13",0.147168442169107
"PZA00595.3",0.139477620509568
"PZA00595.4",0.149783203192008
"PZA02981.2",0.143477642959431
"ae1.7",0.152881058803875
"PZB00619.1",0.11743204315951
"PZB01331.2",0.134710211386507
"ae1.8",0.157487463560969
"ae1.1",0.127653860039132
"PZA02807.5",0.123616556017496
"PZA00674.3",0.151557755352397
"PZA00674.4",0.14875338943436
"PZB02151.1",0.146220894010136
"PZB02151.2",0.163292138630425
"PZA02641.2",0.151907657219769
"PZA00470.1",0.275398228628074
"PZA00255.15",0.155116711141011
"PZA00255.14",0.137646789142169
"PZB00204.1",0.178550636641769
"PZB00204.2",0.148949847279225
"PZA02040.2",0.302553825895106
"PZA00300.11",0.152056174967621
"PZA03704.1",0.111955652794718
"PZA03094.17",0.1164524401438
"PZA03094.9",0.131728310072739
"PZA03094.6",0.138984791156408
"PZA03718.1",0.173189923578549
"PZA03717.1",0.12865460205167
"PZA03716.1",0.327036364754924
"PZA03716.2",0.125155831280381
"PZA03714.4",0.309395817376929
"PZA03714.3",0.148296719503873
"PZA03714.2",0.19449642837585
"PZA03714.1",0.136695636783965
"PZD00056.3",0.126849746720954
"PZD00056.4",0.209526165399061
"PZD00056.1",0.231477934313539
"PZD00056.2",0.182107908354043
"PZD00056.5",0.131949232445372
"PZB00213.4",0.127109734157935
"PZA02633.4",0.211556317020834
"PZA02408.2",0.123693870133343
"PZA02209.2",0.183235719491784
"PZA03324.1",0.153011791181641
"PZA02834.38",0.139015325310008
"PZA01575.1",0.113093793812558
"PZA00603.1",0.182656221010561
"PZB00136.2",0.158003692414738
"PZB02033.2",0.152756914991011
"PZB02033.1",0.138191523313812
"PZA03161.1",0.129116476387643
"PZA02788.12",0.150536557045991
"PZA03172.2",0.180495956975604
"PZA03172.3",0.194730707765432
"PZB02005.2",0.150521507493983
"PZB02005.1",0.247778629574215
"PZA02383.1",0.210788719957057
"PZA03320.1",0.136752840913709
"PZA03320.6",0.177927816283996
"PZA03320.4",0.208919310526679
"PZA03320.3",0.224893333390897
"PZA03320.2",0.226472866384464
"PZA00352.22",1.9557428689688e-06
"PZA02411.3",0.204018429355241
"PZA00715.3",0.140372656784068
"PZA00715.1",0.340322376308648
"PZA03050.11",0.277688819043876
"PHM532.23",0.250635217507106
"PZA03312.2",0.176240270640346
"PZA03312.3",0.126745187688673
"PZA03312.1",0.218127458241306
"PZA03618.3",0.212436854989555
"PZA03618.4",0.152766138301115
"PZA03618.2",0.155452430363147
"PZA03618.1",0.175980632725075
"PZD00017.2",0.168666071643408
"PZA00652.14",0.14526962021347
"PZA00652.17",0.178218890019973
"PZA03024.7",0.192191711524513
"PZA03024.16",0.27872556293682
"PZB02283.1",0.154843284420372
"PZB02424.2",0.136304710883938
"PZB02424.1",0.124068203964071
"PZA01142.4",0.157443659490908
"PZB01376.1",0.166500542894163
"PZA03680.1",0.111341394860205
"PZA03683.1",0.24759098512597
"PZA02820.17",0.21148232586561
"PZA02820.16",0.233692213127538
"PZA02820.7",0.118146585296492
"PZA02820.6",0.129996471558131
"PZA01265.1",0.15735305769828
"PZB00765.1",0.213248167350299
"PZA02060.1",0.131783544157023
"PZA02667.1",0.126733501006188
"PZA00395.2",0.157335548525477
"PZA00395.1",0.131514404389784
"PZA03353.1",0.134518346642684
"PZA00980.1",0.140209310865602
"PZB00023.1",0.145371828763094
"PZA02068.1",0.204429988320714
"PZB02189.5",0.16235208398809
"PZB02189.4",0.232288320265015
"PZB02189.3",8.48380375001276e-14
"PZB02189.1",0.157326847163428
"PZB02189.6",0.123484767131407
"PZB01987.1",0.225084033044295
"PZB00686.1",0.198829385766565
"PZB00686.2",0.153106318203016
"PZB02420.1",0.14476983925001
"PZA00545.4",0.155342723365939
"PZA00545.21",0.157354757837209
"PZA03167.2",0.181614417248494
"PZA03167.3",0.193544506490341
"PZA03167.5",0.168408736862592
"PZA00167.7",0.176938672985439
"PZA01259.1",0.157644343094688
"PZD00041.2",0.161622827751111
"PZD00041.1",0.155405884709408
"PZA01680.3",0.159227698756325
"PZB01302.1",0.135310568352353
"PZA00448.5",0.270218518730259
"PZA00448.6",0.246090173117535
"PZA00500.5",0.18826080261729
"PZA00500.3",3.53864480542506e-11
"PZA03335.1",0.197430833177351
"PZA03339.3",0.188493022771521
"PZA03335.2",0.189903985532444
"PZA03222.4",0.120804944207122
"PZA03222.1",0.147208317957718
"PZA02390.1",0.147334833112692
"PZA00433.3",0.146034227174597
"PZA00433.5",0.167158712001016
"PZA02817.3",0.210332719946538
"PZA02817.15",0.25954798191013
"PZA00069.4",0.147860680521624
"PZA00069.2",0.174448005705721
"PZA00408.7",0.160710769905015
"PZA03307.1",0.187655292059759
"PZA02480.1",0.139370254967571
"PZA02769.1",0.124564979024095
"PZA01060.1",0.117688159883268
"PZA00606.3",0.138546969372093
"PZA03003.11",0.148693390922952
"PZA03003.10",0.266257327177003
"PZA03290.1",0.173101955633171
"PZA03290.2",0.216575041467291
"PZA03290.3",0.308935019466643
"PHM15961.13",0.158769002965802
"PZA00503.5",0.144183732577581
"PZA00158.2",0.159486856309691
"PZA00233.8",0.150896113002041
"PZA03047.20",0.29931596579289
"PZA03047.12",0.277118922331686
"PZA00440.15",0.200628314375187
"PZA00440.1",0.236786453109195
"PZA00501.12",0.139650721572224
"PZA03204.2",0.182354288881877
"PZA03204.1",0.143626691018329
"PZA03195.2",0.129595959073321
"PZA02948.24",0.14661836758543
"PZA03588.2",0.135790104158906
"PZA03063.17",0.126561200760028
"PZA03063.18",0.129907162454974
"PZA01509.1",0.23613080759589
"PZA00540.3",0.349801141858195
"PZA00462.2",0.201363389711825
"PZA00489.1",1.66188822268513e-11
"PZA02836.17",0.138998340154636
"PZA03120.1",0.124580266058895
"PZA03120.3",0.11762688900178
"PZA00582.1",0.184396467049765
"PZA00582.4",0.201521200084212
"PZA03090.31",0.104848651925533
"PZB00236.2",0.140089561507342
"PZA03668.2",0.126947784876207
"PZA03668.4",0.194158272570541
"PZA03668.1",0.274780283235505
"PZA03668.3",0.113172440823701
"PZA03667.1",0.247565975800557
"PZA03667.2",0.163147764690377
"PZA00355.2",0.194359006453215
"PZB01092.2",0.210385797665899
"PZB01092.10",0.110417821061452
"PZB01092.5",0.323955002818328
"PZB01092.3",0.18214081123644
"PZB01092.4",0.192538149550542
"PZA00543.2",0.155405709071113
"PZA00543.4",0.1396391155056
"PZB00645.1",0.147426798727832
"PZB00711.3",0.143712361188017
"PZB00711.1",0.114661725080887
"PZB00711.2",0.141551425809318
"PZB01446.1",0.241832713767104
"PZB01446.3",0.275959904533065
"PZB01446.2",4.98696813783192e-33
"PZA03069.4",0.220232523722353
"PZA03069.6",0.154854118021361
"PZA03069.8",0.139803966899927
"PZA02606.1",0.157398076749264
"PZA03296.3",0.183037715284265
"PZA03296.1",0.1708129179348
"PZA03296.8",0.107006896140786
"PZA03296.7",0.287662290469318
"PZA03296.2",0.178620163558095
"PZA03296.5",0.13070147456724
"PZD00072.2",0.169649301124726
"PZA03413.1",7.6729590544676e-09
"PZA00387.1",0.127706063306241
"PZB01009.4",0.244980999313849
"PZB01009.1",0.481798657008095
"PZB01009.5",0.20311025991695
"PZB01009.2",0.170070327010052
"PZA00022.2",0.185842278930217
"PZA00006.13",0.150435673438983
"PZA00006.9",0.126296494082985
"PZA03522.1",0.203100573905696
"PZA03522.2",0.136900632742533
"PZA03523.2",0.125541014904757
"PZA03523.1",0.191078468021437
"PZA03732.1",0.140689335086267
"PZA03732.2",0.137722266513696
"PZA03732.3",0.138670459447164
"PZA03213.1",0.261992623816946
"PZA03213.2",0.189612305203086
"PZA00214.1",0.147860357483611
"PHM8909.12",0.238211970521885
"PZA00578.2",0.164671805676214
"PZA00578.1",0.14107188336902
"PZB01881.12",0.154054812290338
"PZB01881.10",0.121820899925522
"PZB01881.11",0.130760168948934
"PZB01881.8",1.30615891048079e-12
"PZB01881.9",5.33218233774797e-08
"PZB01877.1",0.151586934040666
"PZA02970.6",0.150433684552493
"PZA02970.9",0.132559894596369
"PZA00942.2",0.165150171269379
"PZB01658.2",0.201646264800813
"PZA03461.1",0.138196780363604
"PZA00187.2",0.14795110761999
"PZA00187.8",0.107196566096959
"PZB00857.1",0.165755863785467
"PZB00857.2",0.137216576740901
"PZB00565.2",0.133420924879618
"PZB00555.3",0.102974754132011
"PZB00555.2",0.135305047195587
"PZB00565.5",0.139381231819456
"PZB00563.4",0.216965334436835
"PZB00563.1",0.16887199248971
"PZB00562.1",0.118399085611394
"PZA00182.4",0.140770858180525
"PZA00182.3",0.137400952895753
"PZA01029.1",0.234636777790945
"PZA03041.8",0.167891589907655
"PZA03219.2",0.152662530710056
"PZA03219.3",0.136462255896404
"PZA01736.1",0.245626123273699
"PZA00382.17",0.159791379936893
"PZA00382.22",0.139516443005643
"PZA01055.1",0.118507862138948
"lac1.3",0.197556081341005
"PZA00571.2",0.133679613747443
"PZA00571.1",0.178636867630474
"PZA00003.5",0.133153654392334
"PZA00003.11",0.169827752768841
"PZA00041.3",0.154759351883991
"PZA01729.1",0.140374427585301
"PZA00536.2",0.160698878578016
"PZA00473.5",0.129476651155684
"PZA00473.9",0.135618555048242
"PZA01591.1",0.213325349656263
"PZA01618.2",0.136081795805231
"PZB00416.6",0.169323446456674
"PZA00510.3",0.131776976922329
"PZA00510.2",0.125686541789579
"PZD00011.4",0.131947303426725
"PZD00011.5",0.125462443202193
"PZD00011.1",0.156319486706396
"PZA01884.1",0.12132034568963
"PZA00250.1",0.174116677718216
"PZA00357.19",0.151229808168785
"PZA02262.3",0.154337071094623
"PZA03750.2",0.183719192965013
"PZA03555.1",0.152717695732389
"PZA03550.2",0.101740427494746
"PZA03550.1",0.149509111947007
"PZA01072.1",0.151207624244143
"PZA02187.2",0.131283794481436
"PZA02187.1",0.146573756145711
"PZA03068.13",0.291379935360091
"PZA03068.11",0.124447334187915
"PZA03546.1",0.098519599685458
"PZA00439.6",0.154396289435176
"PZA02673.1",0.121705900663734
"PZB00942.1",0.12787001681056
"PZB01308.1",0.135598617417101
"PZB01308.3",0.139664536067013
"PZA03102.9",0.137935648656414
"PZA03102.2",0.150277119363325
"PZB02514.1",0.124888047353207
"PZB02514.2",0.153138794241145
"PZB02514.3",0.167175825849518
"PZB01549.1",0.167916646667575
"PZA02811.4",0.144716719101793
"PZA02811.5",0.237636998485161
"PZA02247.1",0.189176584086113
"PZA03745.1",0.181217476237004
"PZA00721.4",0.148837271285543
"PZA00721.5",0.127501962372401
"PZA01144.1",0.116375183106573
"PZA01342.2",0.144175068001762
"PZA02436.1",0.152407816482244
"PZA00443.4",0.142068011358075
"PZA02472.2",0.119860054522753
"PZA00241.6",0.132738723740061
"PZA02830.8",0.149682490727255
"PZA02958.17",0.220174053792362
"PZA03318.1",0.12019294372827
"PZA01672.1",0.22532401314784
"PZA03646.1",0.120588624969738
"PZA03646.2",0.117430179060266
"PZA03027.12",0.142938551090498
"PZA03027.23",0.120861499297042
"PZA03027.25",0.167664596479603
"PZA00223.2",0.1211925103915
"PZA00223.4",0.113408665476687
"PZA00042.5",0.156831765605456
"PZA00042.2",0.178457739371437
"PHM4748.16",0.284534031699007
"PZA03348.3",0.14853481876731
"PZA03348.1",0.157820019301593
"PZA00124.2",0.173543161000222
"PZA00124.3",0.246025047372229
"PZB01569.10",0.146633573050279
"PZB01569.8",0.135090617679121
"PZB01569.7",0.152210596526523
"PZB01569.11",0.135220706180958
"PZB01569.9",0.211740834498239
"PZA00266.5",0.234898538059563
"PZA01468.1",0.172964770681379
"PZB01388.1",0.169517009288891
"PZA03151.1",0.278183432502466
"PZA03151.2",0.140618380505226
"PHM7922.8",0.15193504745848
"PZA00821.1",0.192816018876167
"PZB01222.1",0.147522332732524
"PZA00198.39",0.115238279734536
"PZA03449.4",0.179216449410095
"PZA03449.3",0.119815193338181
"PZA02141.1",0.128488638678033
"PZA03089.12",0.141626001718913
"PZA00910.1",0.167321301584245
"PHM4468.13",0.227985829226504
"PZA02815.25",0.218112419781171
"PZA01426.1",0.124933181963243
"PZB00140.1",0.138198212676418
"PZD00057.2",0.164022404880566
"PZD00057.1",0.141039985745424
"PZD00057.4",0.162736463680317
"PZD00057.3",0.164674410062176
"PZA02035.5",0.235420344202058
"PZA00188.1",0.208569619351506
"PZB01960.1",0.141310644408898
"PZB01482.2",0.141914545171123
"PZB01482.3",0.207593358153913
"PZB01482.1",0.155893355810138
"PZB01083.4",0.231251543202939
"PZB01083.3",0.258768486121049
"PZB01083.2",0.122345711100809
"PZA02983.38",0.164858979304592
"PHM9241.13",0.211373413042095
"PZA01909.1",0.331139266829906
"PZA03757.1",0.245994000788927
"PZB02215.7",0.191939496978993
"PZB02215.10",0.121277871097911
"PZB02215.6",6.19217810853702e-14
"PZB02215.5",0.107870128828342
"PZB02215.3",0.125553054986757
"PZB02215.9",0.143647845448649
"PZB02215.4",0.138232622296324
"PZB02542.1",0.240907006882459
"PZB02542.2",0.197248309928675
"PZB02542.3",0.120975604232942
"PZB01617.2",0.147264326622874
"PZB01612.2",0.127272883700964
"PZB01612.3",0.144919148878303
"PZB01612.1",0.138597850474457
"PZA03067.17",0.132133365155943
"PZA03067.20",0.108937981612264
"PZB01228.2",0.143916159736379
"PZB01228.4",0.153957119969665
"PZB00659.3",0.199512528076129
"PZA00256.16",0.230185884556847
"PZA00256.21",0.137532041063276
"PZA03623.2",0.139734225146501
"PZA03623.1",0.111460555768099
"PZA03624.1",0.177487015454301
"PZA03624.2",0.108296755835334
"PZA03624.3",0.0971837197965483
"PZA03625.1",0.124297799154553
"PZA03626.2",0.137126264695936
"PZA03626.1",0.110862096112213
"PHM4080.15",0.120868332131528
"PZA00534.2",0.272374057178109
"PZA00534.8",4.26443300927374e-05
"PZA03344.1",0.227826219045672
"PZA03344.4",0.137522190090291
"PZA03344.2",0.15681581316708
"PZA03344.3",0.157555371031203
"PHM15501.9",0.234385996633406
"PZA00132.3",0.203076546325162
"PZA00132.17",0.152512674121229
"PZA03687.1",0.128555061467407
"PZA03565.2",0.127804445797978
"PZA00084.2",0.112768475775325
"PZA00084.3",0.108185224200906
"PZA03341.2",0.110114360554994
"PZA03341.3",0.135787779443342
"PZA03723.1",0.131475293580129
"PZA03723.4",0.136491681015824
"PZA03723.2",0.201354690030382
"PZA03723.5",0.178816667907205
"PZA03723.3",0.186077985066987
"PZA03722.1",0.136486914779508
"PZA01936.4",0.228596196662087
"PZA02612.1",0.166768386468948
"PZA03363.1",0.134547488777487
"PZA00113.1",0.111978667045533
"PZA01445.1",0.134828107987874
"PZA03676.1",0.097514089203442
"PZA03676.4",0.115737208791117
"PZA03676.2",0.21332223467466
"PZA03676.3",0.213899989244754
"PZA03675.1",0.130416944072868
"PZA03675.2",0.1506825010184
"PZB00635.1",0.126745280276522
"PZB00746.1",7.48194492105159e-08
"PZA01607.1",0.209534823777622
"PHM904.21",0.179284077915752
"PZA03386.1",0.166815481383243
"PZA00418.2",0.158444707563981
"PHM12830.14",0.166004093192854
"PZA03645.1",0.155116863262678
"PZA03645.2",0.129198163613635
"PZA01210.2",0.126860348445297
"PZA01210.1",0.119910123706589
"PHM5324.11",0.171125170668636
"PZA01113.1",0.184413574707618
"PZA01933.3",0.174441343430038
"PZB00109.1",0.159083408221267
"PZB00109.2",0.124550530166287
"PZA03143.2",0.287191978631026
"PZA03143.4",0.347713371103597
"PZA03143.1",0.155503638070511
"PZA03149.2",0.229706258340564
"PZA03149.1",0.272188005298072
"PZA03149.4",0.404914972172263
"PZB00175.2",0.121044180373365
"PZB00174.1",0.110376808498114
"PZB00174.3",0.161413892972488
"Ra1.1",0.167380548699079
"PZB01186.3",0.187961285281612
"PZB01186.2",0.17278852497081
"PZB01186.1",0.163171004647208
"PZB01186.4",0.120064140447317
"PZB02139.1",0.262226637580563
"PZA00370.1",0.33539936065177
"PZA00370.5",0.218073808345992
"PZA00616.7",0.152746527275798
"PZA00616.11",6.13638456243727e-15
"PZA01946.7",0.186960909999058
"PZA02352.1",0.147400681563124
"PZA00211.7",0.137880863365211
"PZB00169.2",0.120353939642227
"PZA02643.1",0.162138665891165
"PZA01714.1",0.195483210899699
"PZA03583.2",0.171096150641002
"PZA03583.1",0.123759910890436
"PZA03582.1",2.00330580959476e-10
"PZA01542.1",0.129049883239974
"PZD00054.1",0.357440194830532
"PZA00040.19",0.171696880628284
"PZB00752.1",0.145549626542406
"PZB00752.2",0.161354291783773
"PZA03739.1",0.174121106660703
"PZA03738.2",0.105422818693093
"PZA00655.1",0.17481427917374
"PZA00111.4",0.169644081691309
"PZA00111.2",0.155658000892554
"PZA00740.3",0.217106042693264
"PZA02449.13",0.250705165591416
"PZA03727.1",0.158777717108015
"PZA03728.1",0.113502338211564
"PZA03728.2",0.175459182815995
"PZA03728.3",0.294713327301229
"PZA03400.1",0.163105309473503
"PZA03258.2",0.183763886376602
"PZA02854.13",0.168216765126874
"PZA02854.7",0.244276050044724
"PZA00405.7",0.14041412990356
"PZA00405.6",0.142050956289716
"PZA00405.2",0.138267589216455
"PZA03574.5",0.13476207724184
"PZA03574.4",2.89562120127168e-06
"PZA03574.1",0.133660391282979
"PZA03574.3",0.125391937300034
"PZA03574.2",0.131918397482811
"PZA00504.1",0.159642477583818
"PZA03397.1",0.187944442632742
"PZA03397.2",1.79583870798975e-06
"PZA00096.6",0.135389277331734
"PZA00096.26",1.79376159952099e-33
"PZA03162.1",0.122773402332866
"PZA03162.2",0.146014026972378
"PZA02940.3",4.36265171357808e-08
"PZB00062.9",0.141469101940938
"PZB00062.10",8.70267017409603e-14
"PZA00614.1",0.145392873353999
"PZA00614.12",0.110347868116821
"PZA00350.2",0.225184780537256
"PZA00670.9",1.61693788374796e-10
"PZA00670.2",0.132801776283326
"PZA03199.3",0.129834346307622
"PZA03176.3",0.224105923465549
"PZA03176.2",0.170727141232991
"PZA03176.4",0.215812768679829
"PZA02959.7",0.118940696630925
"PZA02959.11",0.162188989814541
"PZA02959.14",0.148547350156739
"PZA03329.1",0.296476878575917
"PZA00326.16",0.158197165191289
"PZA02386.2",0.113852829358668
"PZA03544.5",0.105192405523613
"PZA03544.3",0.19613104888809
"PZA03544.4",0.146330011311776
"PZA03544.2",0.128848442875122
"PZD00044.7",3.50845139943014e-33
"PZA00795.1",0.134990102184903
"PZB00777.4",1.18669959216125e-14
"PZB00777.1",0.122579536305544
"PZB00777.2",0.156439608224836
"PZA00474.14",0.147142337845747
"PZB01238.7",0.250223295914793
"PZB01238.3",0.362501953380027
"PZB00597.1",0.240624782890661
"PZB00595.1",0.278551121708097
"PZB00597.2",0.132635721757074
"PZB00595.2",9.50524784059343e-12
"PZA00227.7",0.118752559906769
"PZA02373.1",0.141204364772579
"PHM7898.10",0.27764776374136
"PZA02223.2",0.19338187517948
"PHM10225.15",0.144644506654573
"PZA00496.1",0.17358036016542
"PZA00496.2",0.185324306192969
"PZA01533.2",0.15013720946349
"PZA00505.4",0.157055972572218
"PZA00505.5",0.165763753814723
"PZA00505.6",0.132162027963095
"PZA03179.1",0.148742962966027
"PZA03179.4",0.151249613748853
"PZA03180.5",0.143970497349696
"PZA03180.1",0.120502023475031
"PZA03180.2",0.134818466869556
"PZA03368.3",0.160894547821023
"PZA03368.4",0.129669980302853
"PZA03368.1",0.179605670871606
"PZA01802.3",0.137909426502008
"PZA01028.2",0.134959966417039
"PZA00386.4",0.143063830466607
"PZA00386.3",0.148109012865076
"PZA00386.2",0.126100567937409
"PZB02448.2",0.1538833208956
"PZB02448.1",0.128794081553489
"PZB02448.3",2.3695216431954e-06
"PZB00123.1",0.107920601857223
"PZB00123.2",1.92528781633887e-12
"PZA00178.4",0.229046741890775
"PZA00178.3",0.119008686742077
"PZA00695.1",0.184078251449177
"PZA00695.2",0.164992761217865
"PZB00603.2",0.120757047754798
"PZB00605.4",0.182517310710242
"PZB00605.3",0.166715912239093
"PZA01278.2",0.206135248036883
"PZA03295.2",0.116682446584021
"PZA00423.16",0.320979648308544
"PZA00423.17",0.152783942433744
"PZA00043.7",0.173844454418612
"PZA00043.1",0.236957182204126
"PZA00424.1",0.165017737823935
"PZB01638.1",0.180795305583599
"PZB01638.3",0.193842477987483
"PZA02850.18",0.12991944746632
"PZA02850.4",0.145509418490288
"PZB02070.1",0.213614839400788
"PHM5232.9",0.146517117615952
"PZA02274.1",0.197827772916734
"PZA03117.3",0.130358378582066
"PZA03117.2",0.134096344118234
"PZA02388.1",0.188908189053221
"PZA02174.2",0.115089428001687
"PZA03316.4",0.103530219053101
"PZA03316.1",0.319160299214531
"PZA03316.3",0.245373290964057
"PZA00368.17",0.136124734325668
"PZA00368.1",0.179373791299918
"PZA00058.1",0.206144675854458
"PZA00058.5",0.269238844954029
"PZA00632.1",0.17075840525657
"PZA00416.4",0.120207739842812
"PZA00416.2",0.245012360329441
"PZA01601.1",0.154987859083969
"PZA03178.3",0.132456180245783
"PZA03178.1",0.156072023643321
"PZA01691.1",0.255702106591612
"PHM9695.8",0.131833954731088
"PZA01079.1",0.187814055382813
"PZA02955.3",0.219112008615018
"PZB01977.2",0.429737879569114
"PZB01977.7",0.259965553975597
"PZB01977.11",0.435698997710868
"PZB01977.4",0.321725383294941
"PZB01977.6",0.385158111624129
"PZB01977.5",0.225047179606023
"PZB01977.10",0.141913176114891
"PZB01977.1",0.172541291447479
"PZB01977.9",0.204393647870662
"PZB01977.3",0.162977206007497
"PZD00024.2",1.50737066525481e-05
"PZD00025.2",0.145670111432981
"PZD00025.1",0.177056090072017
"PZA01186.1",0.395567653725739
"PZB01475.1",0.153672535243807
"PZB01475.2",0.372644988251292
"PZD00034.3",0.177897268252705
"PZD00034.4",0.120652243105829
"PZA00758.1",0.153447867325849
"PHM2350.17",0.294028981352503
"PZA00481.7",0.14382707391447
"PZA01196.2",0.120614615900957
"PZB01094.4",0.131216105896747
"PZB01094.1",0.140888820014211
"PZB01094.3",0.163314176347737
"PZA02927.1",0.131812483519996
"PZA03114.2",0.180106425131369
"PZA03381.2",0.209957988637154
"PZA03381.1",0.203921407740548
"PZB02114.1",0.210862293351602
"PZB02114.2",0.123281808705249
"PZB02114.3",0.220421568942317
"PZB00145.1",0.194068118824273
"PZA00498.5",0.231299120174577
"PZA00498.3",0.162319374864695
"PZA01209.1",0.148794981450804
"PZA02203.1",0.14592917560994
"PZA03126.1",0.271899400176646
"PZA00417.3",0.256243115142059
"PZA00417.2",0.281767193892573
"PZA00793.2",0.138552359311934
"PZA00379.2",0.180612134384136
"PZA00717.14",3.22531290705275e-18
"PZA00717.15",0.194217673932266
"PZA01257.1",0.167570175636272
"PZA00196.2",0.168562264387087
"PHM11114.7",0.147524404213976
"PZA01470.1",0.151385170344023
"PZA02887.9",0.230147578022336
"PZA03035.5",0.138304144209686
"PZA03408.1",0.171447841069437
"PZA00452.1",0.244785970199653
"PZA02522.1",0.103702989755843
"PZA01297.1",0.128832409100235
"PZA00600.11",4.44114658375847e-14
"PZA03736.1",0.141601574046015
"PZA03135.3",0.198777713376608
"PZA03135.1",0.177889692391662
"PZA02019.1",0.143837685804978
"PZA03579.2",0.146870470911494
"PZA03579.1",0.147395145362119
"PHM4134.8",0.127915852869004
"PZA00739.1",0.132660267723951
"PZA02566.1",0.252604767829923
"PZB01883.2",0.154877507342327
"PZB01883.1",0.134180190162952
"PZB01883.4",0.152366077784487
"PZB01883.3",0.115105195451666
"PZA03012.12",0.205544249179399
"PZA03012.10",0.172894456358185
"PZA03012.7",0.164269299082811
"PZA00045.2",0.116695439535578
"PZA00045.1",0.128292327239231
"PZA00567.10",0.176034435955923
"PZA03638.1",0.12332053441753
"PZA03639.1",0.117789586285339
"PZA03638.3",0.193082751184708
"PZA03638.2",0.153233050792352
"PZA03637.2",0.162980726152742
"PZA03637.1",0.117075527907172
"PZA03637.3",0.114389903133374
"PZB01385.3",0.117896908493593
"PZB01385.2",0.158075205017207
"PZB02161.1",0.165161228188679
"PZB02159.2",0.145861652664772
"PZB02159.1",0.124328036537419
"PZB01201.1",0.184617798323894
"PZB02155.2",0.134709218524141
"PZB02155.1",0.157494403645171
"PZA01038.1",0.238184147971606
"PZB00591.1",0.149481767771575
"PZB00592.2",0.15432008025064
"PZB00592.1",0.133124885099271
"PZA00531.1",0.21485086028784
"PZA00531.2",0.207584973838748
"PHM10525.11",0.147366670829806
"PHM10525.9",0.137599499024805
"PZA00419.1",0.16849920662006
"PZA00272.3",0.195408940215806
"PZA00272.2",3.51848779399983e-08
"PZA00118.1",0.227432609919472
"PZA00118.4",0.203467641736677
"PZA00118.5",0.221966051703364
"PZA03241.3",0.158247579777291
"PZB02534.3",0.2407419671006
"PZB02534.4",0.141905635224763
"PZA03241.5",0.126451286149449
"PZB02534.1",0.144372426705659
"PZB02534.2",0.132681676112466
"PZA03612.4",0.170016743910526
"PZA03612.3",0.166502680355409
"PZA03612.2",0.186129792790398
"PZA03611.1",0.160944645169494
"PZA03610.1",0.139793199188462
"PZA01049.1",0.171210461295981
"PHM5468.25",0.167013387323554
"PZA03052.15",0.166482494522096
"PZA03395.5",0.181929287538232
"PZA03395.4",0.154649407027913
"PZA03395.3",0.150816504193071
"PHM14152.18",0.238787932278659
"PZA00049.12",0.149222104223788
"PHM4203.11",0.127553951598106
"PZA03005.9",0.208933348202321
"PZA03005.19",0.147433206819743
"PHM448.23",0.272800326818575
"PZA00766.1",0.31941941700215
"PZB01389.2",0.120847403442281
"PZB01389.1",0.150874175080277
"PZA03591.1",0.154362878002584
"PZA03591.3",0.128449602807734
"PZA03591.2",0.144411220268678
"PZA03590.1",0.131657307961959
"PZA00090.1",0.156415265268377
"PZB00665.1",0.210409412742555
"PZB00665.2",0.170151505497732
"PZA02011.1",0.16443645126988
"PZA03061.5",0.138943632486195
"PZA03608.2",0.141205167109668
"PZA03608.1",0.171471756808171
"PZA00168.14",0.166080614513179
"PZA00429.2",0.122923285423745
"PZA00429.1",0.159301621925199
"PZA00097.13",0.164931912110966
"PZB01454.3",0.152165103652146
"PZA03650.1",0.183776211774255
"PZA03651.2",0.173429638229242
"PZA03651.1",0.161941938484503
"PZA03652.2",0.1191665132675
"PZA03652.1",0.184288726672075
"PZA03652.3",0.148819864710199
"PZA00686.4",0.187358649864163
"PZA00686.7",0.132564845947669
"PZA00120.4",0.169622801074027
"PHM4757.14",0.203117566088693
"PZA03153.2",0.1496963984278
"PZA03153.4",0.122385848340248
"PZA03153.1",0.174517024448831
"PZA03153.3",0.15152712090816
"PZA03182.5",0.17415186047897
"PZA03182.3",0.227378126815643
"PZA03182.2",0.183752462371655
"PZA00314.6",6.41475386484889e-14
"PZA00422.2",0.138168410864579
"PZA00422.5",0.211206337380749
"PZA00334.2",0.203897169329393
"PZA03225.2",0.223656958164237
"PHM12749.13",0.164554634059744
"PZA00018.5",0.25416659076719
"PZA00177.4",0.221971582807798
"PHM15278.6",0.138612172726519
"PZA03695.2",0.154728726148346
"PZA03695.1",0.137047342093355
"PZA03696.3",0.168663928278399
"PZA03696.1",0.128542946386483
"PZA03696.2",0.167346223152134
"PZA03697.1",0.123516532579918
"PZA03698.1",0.124267495916629
"PZA03698.3",0.117002439919323
"PZA03698.2",0.126026344436212
"PZA01741.1",0.174613556545881
"PZB02040.1",0.130531872839469
"PZB00160.1",0.190622236224503
"PZA00838.2",0.132693306689148
"PZA03656.1",9.16525061998743e-09
"PHM3465.6",0.0940297631207044
"PZA00706.16",0.108917421012887
"PZA00706.11",0.17177732113182
"PZB00811.1",0.123820365548426
"PZB00811.2",0.156015505933454
"PZA03388.2",0.121281619929552
"PZA03388.1",0.157469054715453
"PZA00675.1",0.143476017017382
"PZA03592.1",0.12187322932292
"PZA03592.3",0.186337254027775
"PZA03593.1",0.157512047899177
"PZA03593.2",0.127319854238011
"PZA00229.7",0.124514589922361
"PZB01107.7",0.137802179743728
"PZB01107.8",0.22218567418356
"PZB01107.6",0.112514479437521
"PZB01107.2",0.211377823368747
"PZB01107.5",0.174056728841326
"PZA00336.10",0.136160817412367
"PZA02746.2",0.171392422626216
"PZB00700.1",0.161676801902839
"PZA00460.8",0.224282762560285
"PZA00460.3",0.148219342928873
"PZA00516.2",0.197555898135214
"PZA00516.3",0.11621935155423
"PZB00007.3",0.154118499448973
"PZA00362.2",0.288363676602918
"PZA00362.1",0.190515454888104
"PZA01316.1",0.248038726493334
"PZA00001.8",0.225017994519663
"PHM4786.9",0.146526073355163
"PZA00904.1",0.148228146321376
"PZA00641.8",0.143595931446484
"PZA00641.7",0.158751094425074
"PZA01964.29",0.14754465380018
"PZA03446.1",0.163963879465239
"PHM14046.9",0.16638605025573
"PZB01057.4",0.186099844985217
"PZB01057.3",0.185663072277908
"PZB01057.1",0.144390650744002
"PZB01057.2",0.184610557108719
"PZA03202.2",0.156740215915014
"PZA03202.1",0.151881916296501
"PZA00189.21",0.150874379403904
"PZA00760.1",0.171946567670973
"PZA03538.1",0.198924788713293
"PZA03537.1",0.128675588033851
"PHM2749.10",0.208441868127975
"PZA01290.1",0.115291913277713
"PZA02281.3",0.167838205403326
"PZB01872.1",0.156221778542459
"PZB01872.2",0.173826520976264
"PZA03062.7",0.119883433997043
"PZA03062.15",0.103452047889904
"PHM3925.79",0.131855451430536
"PZD00036.2",0.226918713956062
"PZA01799.1",0.243422238607449
"PZB00781.1",0.163375351640974
"sh1.4",0.15605747295462
"sh1.3",0.134078831063921
"sh1.2",0.13894820682045
"sh1.11",0.134262134133326
"sh1.12",0.217533713717138
"sh1.1",0.170332667388821
"PHM1218.6",0.126323687729227
"PZA01195.3",0.128185999063865
"PZA00466.1",0.135440232165107
"PHM5181.10",0.132719521110585
"PZA02916.5",0.203863411738636
"PZA02916.4",0.126882467871389
"PZA02702.1",0.149738378711027
"PZA03431.1",0.129047374947641
"zmm3.1",2.8804404540048e-18
"zmm3.2",4.02674721898765e-33
"zmm3.4",1.21057603494876e-14
"PZD00047.2",0.170445987562807
"PZD00047.1",0.138657862034966
"PZA03416.9",0.155309162061548
"PZA03416.7",0.140146725181753
"PZA03416.8",0.134196621226542
"PZA03416.6",0.172308556789101
"PZA02996.9",0.177139522248556
"PHM9374.5",0.137871476399084
"PZA02844.1",0.134994467965299
"PZA00860.1",0.298984735988973
"PZA03058.12",0.158104537377101
"PZA03058.16",0.209312623387913
"PZA03058.17",0.284999752504675
"PZA03058.22",0.134071902690958
"PZA03058.21",0.320517045348305
"PZB00736.2",0.180267157577682
"PZB00736.4",0.138496698989661
"PZA00583.4",0.120447693214313
"PZA00583.17",0.129847293575384
"PZA00438.4",1.07137765155271e-11
"PZB01042.7",0.161543237288557
"PZB01042.5",0.171353429210523
"PZB01042.3",0.16700480900262
"PZB01042.2",0.201320186396948
"PZB01042.1",0.157208307812144
"PZB01042.6",0.267386319732175
"PZB01042.8",0.121368499990638
"wx1.1",0.174916741097089
"PZB00547.3",0.273760505484499
"PZB00547.1",0.117987906145032
"PZB00544.1",0.156621808956711
"PZB00544.2",0.108235167038403
"PZB00540.1",0.147969389083185
"PZA01999.3",0.125259383494235
"PZB01110.6",0.146756011504603
"PZB01110.1",0.170796044743091
"PZB01963.2",0.15181353473181
"PZB01963.4",2.73228125245561e-14
"PZB01963.6",0.191069287288971
"PZB01963.5",3.26032784775251e-21
"PZB01963.3",0.134179811803468
"PZB01963.1",0.130448612658566
"PZA02648.2",0.210159659501187
"PZA03113.5",0.156472384130884
"PZA03113.3",0.16423046524773
"PZA03113.4",0.145090727181596
"PZB00379.2",0.152372418529739
"PZB00379.1",0.174505859755624
"PZA00693.3",0.129640755806668
"PZB00959.1",0.148502300384134
"PZB02423.1",0.26778466527088
"PZB00235.2",0.181014468733521
"PZB00235.1",0.211370650830156
"PZA02878.13",0.245443119202828
"PZA02861.13",0.128514484281824
"PZA02861.12",0.121826256010647
"PZA03469.1",0.130411912540032
"PZA03097.4",0.20515680585923
"PZA03097.7",0.149690332118924
"PZB00014.1",0.13216332743715
"PZA03085.30",0.147881417688938
"PZB02422.1",0.166878483819428
"PZA00588.1",0.19712962666807
"PZA00588.2",0.181924283191962
"PZB01114.6",0.256177293033945
"PZB01114.2",0.14578379532663
"PZB01114.1",0.30011630712011
"PZA00287.1",0.146489143168728
"PZA03057.3",0.215155184773276
"PZA00925.2",0.142248797839736
"PZA01791.2",0.201516845141958
"PZA03759.2",0.145923877999289
"PZA03759.1",0.138952820988231
"PZA03758.1",0.30508090971286
"PZB00761.1",0.149484795850767
"PZB00761.2",0.134301696166597
"PZA00070.5",0.132083447907859
"PZA01861.1",0.143790002252734
"PZA02545.1",0.139815801418849
"PZA00653.5",0.15127847968108
"PZA03595.2",0.296147882444687
"PZA03595.1",0.112623646092163
"PZA03595.3",0.278180846318065
"PZA03596.2",0.121057278096205
"PZA03596.3",0.345487653555226
"PZA03596.1",0.137769221621123
"PZA02897.12",0.145680366136664
"PZA00947.1",0.143930823675728
"PZB01899.3",0.143482598287655
"PZB01899.2",0.124748293965979
"PZA03253.1",0.22457533265727
"PZA03253.2",0.13836777904487
"PZA00514.6",0.128602396215298
"PZA00514.1",1.48533384996999e-13
"PZB00967.2",0.199152360133169
"PZB02480.2",0.190448880629013
"PZB02480.1",0.170990514598033
"PZA00225.7",0.120067149075952
"PZA00225.8",0.143491290290533
"PZB01358.1",0.26710744573988
"PZB01358.4",0.185100727527244
"PZB01358.3",0.367405418004379
"PZB01358.2",0.237210996357896
"PZB01652.1",0.135736687515175
"PZA00015.5",0.223921322121703
"PZA03470.1",0.168199013601919
"PZB01913.2",0.162193458536274
"PZB01913.1",0.206092727755231
"PZB01869.2",0.166158110333414
"PZB01869.4",0.284733600664285
"PZB01869.1",0.169934250111182
"PZB01867.5",0.126500195099942
"PZB01867.2",0.16121900205008
"PZA03235.2",0.145708591312039
"PZA03235.3",0.184452428158615
"PZA03235.1",0.123104335739722
"PZA02613.1",0.15219668782249
"PZB01292.2",8.56743798270805e-15
"PZB01292.1",0.27725535840861
"PZB01292.3",0.248739511557729
"PZA01819.1",0.17618673947947
"PZB01432.1",0.194100849778524
"PZB01432.3",0.0924493850720451
"PZB01432.4",0.0937684528520657
"PZB01432.2",0.109531740914784
"PZA00840.1",0.179128280482948
"PZA00060.2",0.137622158677486
"PZA00116.2",0.16528505613816
"PZA00116.3",0.191327411714649
"PZA00213.7",0.206418149596195
"PZA00213.19",0.149172237439761
"PZB02504.1",0.118223568652927
"PZB02504.3",0.201982412584088
"PHM3330.25",0.136618286806733
"PZA00568.19",0.152757193456034
"PZA02111.1",0.129331218097195
"PZB00080.2",0.103724358145488
"PZB00080.1",0.307362357377107
"PZB02099.2",0.121376312222691
"PZA03669.1",0.170150353954303
"PZA03670.1",0.159415226796198
"PZA03671.1",0.119238189253275
"PZA02235.14",0.117669158859388
"PZB00126.1",0.1306145674466
"PZB00643.1",0.331883918506686
"PZB00750.3",0.199324698325768
"PZB00750.2",0.213713528763257
"PZA01096.1",0.108466671266612
"PZB01436.2",4.4552175670057e-08
"PZB01436.3",0.124719453906123
"PZB01436.1",0.158542360749324
"PZB00118.2",0.150928617034866
"PZA02252.2",0.150208777943368
"PZA00502.5",3.37191583566346e-33
"PZA00502.1",0.117611803974751
"PZA01369.1",0.134246501958528
"PHM816.29",0.184137497597557
"PZB00221.3",0.182987883947795
"PZB00221.6",0.373508624686036
"PZD00055.1",0.17727999467445
"PZD00055.2",0.1137381467066
"PZB00221.2",0.146078369249952
"PZB00221.5",0.187510927716427
"PZB00221.7",0.204402568938304
"PZA00323.3",0.104655445262899
"PZA00323.4",0.179802577351065
"PZA01715.2",0.155743196116228
"PZA01715.1",0.187911643660317
"PZA02381.1",0.120529020339482
"PZA00912.2",0.175281014024732
"PZA02997.16",0.19957803082839
"PZA02997.19",2.11994879623467e-07
"PZA00832.1",0.137713372835653
"PZA00579.2",0.283216065550451
"PZA00579.6",0.363897285432563
"PZA03156.3",0.125470216837643
"PZA02847.21",0.11511348338666
"PZA00428.2",0.126604791376259
"PHM13681.12",0.149557581025368
"PZA03405.1",0.228931398179637
"PZA00123.1",0.133624700042451
"PZD00050.3",0.282406107527854
"PZD00050.2",0.175747286536316
"PZA03573.2",0.14916819661385
"PZA03573.3",0.143660415355827
"PZA03573.1",0.193690749522545
"PZA03573.4",0.136190226756061
"PZA03572.2",0.113954546034321
"PZA00184.4",0.167415779046867
"PZA00184.1",0.226565956500179
"PZA03332.1",0.172896036015956
"PZA02554.1",0.122882247613309
"PZA02221.20",0.238825684772815
"PZA03216.2",0.132320845125608
"PZA01313.2",0.148783105827272
"PZA02095.10",0.133466126165604
"PZA03078.29",0.158555571733694
"PZA03078.33",0.145888656556566
"PHM2828.83",0.137951349027573
"PHM3765.7",0.283911129911218
"PZA03563.1",0.131980067682417
"PZA03563.2",1.57409398649601e-06
"PZA03571.2",0.129721088018819
"PZA01883.2",0.125417671177883
"PZB01301.7",0.215032768319032
"PZB01301.6",0.124668159974828
"PZB01301.5",0.116778420236516
"PZA00257.11",0.159378866288163
"PZA00257.22",0.113749884684774
"PZA00463.3",0.185122924904472
"PZA02961.1",0.176884829941324
"PZA02961.6",0.183282996501442
"PZA00656.4",3.19348340949603e-07
"PZA00656.14",4.79998165934678e-09
"PHM3922.32",0.139135912985245
"PZA00079.1",0.144238780814677
"PZA00310.5",0.188308457813747
"PZA02853.10",0.208229080474005
"PZA02853.7",0.155387753416953
"PZA00552.3",0.277031891209969
"PZA00552.4",0.111053715057755
"PZA03262.2",0.13449932023781
"PZA03262.1",0.107895477878307
"PZA03137.3",0.122265210805917
"PZD00032.2",0.250367067867222
"PZD00032.1",0.1326097341934
"PZD00032.4",1.70128926211749e-12
"PZD00032.5",7.31214317725213e-10
"PZD00032.3",0.133219489859749
"PZD00033.2",0.168764291689367
"PZA02945.10",0.147555948224311
"PZA02945.37",0.162467959876296
"PZB01178.1",0.188350426005869
"PZB00849.1",0.226997015280207
"PZB00849.2",0.136393087398537
"PZA01597.1",0.152414690035362
"PZA00562.4",0.27509396829554
"PZA00562.3",0.36088328053193
"PZA00409.17",0.199989265800205
"PZA00409.15",0.122652903590909
"PZA00409.3",0.12981037776292
"PZA00174.1",0.174826074091316
"PZA00174.2",0.172919468933528
"PZA00665.6",0.160145719007515
"PZA01677.1",0.161242060509937
"PZA02941.2",1.05763885559709e-16
"PZA02941.3",0.192037445835773
"PZA02941.6",0.131821861320504
"PZA00475.20",1.22301397850215e-11
"PZA00475.25",3.08377409070876e-07
"PZA01877.2",0.146531300370971
"PZB02029.1",0.141991764083926
"PZA03157.2",0.482989497159844
"PZB00409.1",0.145612082844728
"PZA00587.3",0.160285989682716
"PZA03170.2",0.133843387918824
"PZA03170.1",0.129483817145797
"PZB02529.2",0.193842209986156
"PZB02529.1",0.122054192356128
"PZA00337.4",0.175154867674022
"PZA00337.3",0.184724717768402
"PZA00814.1",0.189217110862788
"PZA03351.1",0.145677912662277
"PZA00048.2",0.139285195875128
"PZA00048.1",0.154631040552979
"PZA00400.3",0.162328991317486
"PZB01206.2",0.152751006229905
"PZB01206.1",0.171049481608116
"PZA02398.2",0.201638715100322
"PHM537.22",0.155035359024824
"PZA03585.1",0.139782051332335
"PZA02993.5",0.156003741496798
"PZA02993.6",0.155763384234564
"PZA02993.14",0.168430004024372
"PZA00444.5",0.138111187631531
"PZA00444.1",0.123564237012996
"PHM18195.6",0.154966446295544
"PZB00806.9",0.33059628184792
"PZB00806.8",1.40459578774088e-08
"PZB00806.4",0.130636498906901
"PZB00806.6",0.1294478671763
"PZA00135.6",5.01278873334597e-07
"PZA01292.1",0.154590824204134
"PZA01919.2",0.184515075851716
"PZA02128.3",0.131035734888132
"PZA00215.3",0.157875269175813
"PHM13687.14",0.164001985119118
"PZA00712.15",0.178904657538809
"PZA00712.4",0.162010842114553
"PZA02219.2",0.156685606879423
"PZB00677.3",0.209572060075709
"PZB00677.4",0.197879564404302
"PZA03713.1",0.107485946664539
"PZA03711.2",0.123624153849277
"PZA03711.3",0.128974065756551
"PZA03711.1",0.223073724103019
"PZA03710.2",0.232677115385507
"PZA03710.4",0.163879414450433
"PZA03710.1",0.232488983802421
"PZA03710.5",0.200070833348615
"PZA03710.3",0.238927465116629
"PZA03710.6",0.247108831777976
"PZA03709.1",0.170264645707331
"PZA03709.2",0.27499809307145
"PZA00251.4",0.170348065691026
"PZA00251.1",0.150842587635301
"PZB02227.3",0.133577797057893
"PZB02227.1",0.239570852432936
"PZB02227.4",0.247176617953053
"PZB02227.2",0.265810467150682
"PZA02821.5",0.140970745009477
"PZA03196.3",0.121679122562681
"PZA03196.1",0.131065757517905
"PZA00063.3",0.146394533017424
"PZB01412.2",0.157871474539304
"PZA03071.15",0.163246297147778
"PZA00647.9",0.22333756177678
"PZA00342.7",0.247867405854074
"PZA00342.9",0.127202267436153
"PZA03115.1",0.17874354784431
"PZA03115.2",0.141032880016899
"PZA01241.2",0.169335910331993
"PZA02320.1",0.178007774364773
"PZA03164.2",0.182289973602761
"PZA03164.3",0.164842808898339
"PZA03164.1",0.171986081271892
"PZB01997.1",0.139141145935335
"PZB01111.8",0.159984183518162
"PZB01111.3",0.110438471734949
"PZB01111.1",0.137559441163245
"PZB01111.5",0.14611919418317
"PZB01111.7",0.133619979968843
"PZB01111.6",0.215384347853601
"PZA03398.2",0.140537713887252
"PZA03398.1",0.208071120240122
"PZA01456.2",0.144395342741046
"PHM18513.156",0.203468786231407
"PHM15868.56",0.155014398690338
"PZA02663.1",0.138120523096694
"PZA03570.2",0.159207003076222
"PZA03570.1",0.232209019542818
"PZA03569.2",0.234065523510523
"PZA03229.1",0.126672168385398
"PZA03229.4",0.132724405237956
"PZA03229.2",0.221792745577942
"PZA01995.2",0.124915321492904
"PZA03267.3",0.137363939318774
"PZA03267.2",0.150408003700541
"PZA03267.4",0.181369440440527
"PZA03132.3",0.144356507436755
"PZB00239.1",7.63286193468301e-22
"PZA03607.5",0.123850379812837
"PZA03607.3",0.365655438596419
"PZA03607.2",0.181722417196788
"PZA03607.1",0.16482037670771
"PZA03607.4",0.150045326481074
"PZA03606.1",0.125270741516021
"PZB02554.3",0.205459214874626
"PZB02554.2",0.137820863334985
"PZB02554.1",0.252672668386064
"PZA03605.1",0.183886401796208
"PZA03605.2",0.116222192976548
"PZA03604.2",0.152743454341631
"PZA03604.1",0.19026281294801
"PZA03604.3",0.150410209248592
"PZA00727.11",0.176664300322259
"PZA00727.1",0.167801895650216
"PZA00130.9",0.333023807462295
"PZA00130.7",0.203813774256897
"PZA02969.1",0.173283307402207
"PZA02969.7",3.65874089207402e-08
"PZA02969.8",0.134913600764208
"PZA02049.1",0.390069094981893
"PZA00007.2",0.107480481854742
"PZA00007.1",0.151201415570159
"PHM5435.25",0.143255975770884
"PZA00551.4",0.114078929065639
"PZB00769.2",0.168648036193175
"PZB00769.1",0.309477215901396
"PZA01073.1",0.203292308996969
"PZB01471.2",0.185434691523269
"PZB01471.3",0.144299652896772
"PZB01471.1",0.126859366995825
"PZA00062.4",0.133500226055451
"PZA00678.1",0.173444190828082
"PZA00678.2",0.177048630524743
"PZA00179.9",0.132684275237096
"PZA02833.6",0.152310642717395
"PHM1506.23",0.246253064014581
"PZA03402.1",0.224673407596811
"PZA03429.1",0.20630812694886
"PC1",0.0907474233149448
"PC2",0.126999386299937
"PC3",0.105837902632721
"Early",0.101066217727303
"Tiller",0.111484047155366
